condition,student_seed,effective_alpha,calibration_batches,batch_size,valid_tokens,unweighted_token_mean_kl,weighted_kl_contribution_lambda5,kd_logit_gradient_norm,ce_logit_gradient_norm,ce_kd_cosine,full_parameter_kd_gradient_norm,negative_cosine_fraction,parameter_gradient_ratio_to_F,logit_gradient_ratio_to_F,optimization_mismatch_flag
F,42,0.5,8,2,4080,0.9800960868597031,4.9004804491996765,0.07154459583210102,0.7846009822682862,-0.12958214995177353,2.0070072997184343,0.5095588235294117,1.0,1.0,False
T,42,1.0,8,2,4080,1.2569591850042343,6.284796059131622,0.07945729001498252,0.7846009822682862,-0.14128364003902558,2.642076040464915,0.5333333333333333,1.3164257254249025,1.1105980695096915,False
G,42,0.0,8,2,4080,1.3028040826320648,6.514020264148712,0.07453256024677744,0.7846009822682862,-0.09454860347597038,1.9950689646530837,0.515686274509804,0.9940516733212553,1.0417636633476623,False
F,123,0.5,8,2,4080,0.9183786138892174,4.591893136501312,0.05942671409461136,0.7937410074572654,-0.07789687254995692,1.6211094438827753,0.4725490196078431,1.0,1.0,False
T,123,1.0,8,2,4080,1.2086226046085358,6.043112933635712,0.0662537992947881,0.7937410074572654,-0.10893733894050706,2.073110460702688,0.5171568627450981,1.2788220243398922,1.1148824279482719,False
G,123,0.0,8,2,4080,1.2305504083633423,6.152752041816711,0.06651852446352588,0.7937410074572654,-0.04211457835546895,1.682517442190686,0.48112745098039217,1.0378802298263283,1.1193370772212625,False
F,456,0.5,8,2,4080,1.0063444823026657,5.03172242641449,0.06933716860606663,0.789101518889391,-0.09687360797588732,1.9434240577567403,0.4786764705882353,1.0,1.0,False
T,456,1.0,8,2,4080,1.2917827665805817,6.458913743495941,0.07654799575273714,0.789101518889391,-0.1201245535603341,2.394980060792369,0.513235294117647,1.2323507323238818,1.1039965618965237,False
G,456,0.0,8,2,4080,1.316435620188713,6.582178115844727,0.07475333745299163,0.789101518889391,-0.06326636337474281,1.9862377644171871,0.48504901960784313,1.0220300384208818,1.0781134989473902,False
