student_seed,condition,effective_alpha,chunks,valid_tokens,student_nll,teacher_nll,teacher_ppl,teacher_entropy,delta_teacher,mean_gold_token_utility,positive_utility_fraction,hardest_quintile_utility,hardest_quintile_positive_fraction,top1_rescue_rate,top1_harm_rate,teacher_student_kl_t1,teacher_student_kl_t2,ce_logit_gradient_norm,kd_logit_gradient_norm,ce_kd_cosine,negative_cosine_fraction
42,F,0.5,512,130560,4.366117517302175,4.300645861868859,73.7474089608748,4.402928829193115,0.06547165543331612,0.0654716554828647,0.484750306372549,0.8031566297891093,0.7443704044117647,0.06710957387304088,0.11951486370091022,0.5346212387084961,0.2841937839984894,0.8023368716239929,0.11548444628715515,-0.07399946451187134,0.40209099264705883
42,T,1.0,512,130560,4.366117517302175,4.445646929177943,85.255013956912,4.530458927154541,-0.07952941187576723,-0.07952941190515829,0.4196920955882353,0.7028315799018624,0.6737132352941176,0.07196100590162437,0.17110133389203155,0.9097583889961243,0.3530655801296234,0.8023368716239929,0.1201881393790245,-0.08592259883880615,0.42074908088235297
42,G,0.0,512,130560,4.366117517302175,4.652063519081662,104.80102151098512,4.207749843597412,-0.2859460017794868,-0.28594600182679897,0.40098805147058825,0.27361982967704535,0.5746400122549019,0.05996369987329201,0.1675861908420048,0.7994091510772705,0.36090096831321716,0.8023368716239929,0.11893194913864136,-0.07219915837049484,0.4333180147058823
123,F,0.5,512,130560,4.378876795111292,4.300645861868859,73.7474089608748,4.402928829193115,0.07823093324243313,0.07823093319611495,0.5079044117647059,0.6860881290928114,0.7262561274509803,0.06600191013279971,0.11056609087495306,0.47494637966156006,0.26465147733688354,0.8048255443572998,0.09989980608224869,-0.0526319220662117,0.4025122549019608
123,T,1.0,512,130560,4.378876795111292,4.445646929177943,85.255013956912,4.530458927154541,-0.06677013406665022,-0.06677013404180471,0.43034620098039217,0.5758245297360653,0.6538756127450981,0.07147080225577587,0.16388941043935412,0.8269622325897217,0.3333156108856201,0.8048255443572998,0.10401497781276703,-0.07289585471153259,0.4290364583333333
123,G,0.0,512,130560,4.378876795111292,4.652063519081662,104.80102151098512,4.207749843597412,-0.2731867239703698,-0.2731867241403739,0.41260723039215685,0.1659709664116449,0.5459558823529411,0.058998089867200294,0.15926586556515207,0.7405908703804016,0.34052416682243347,0.8048255443572998,0.10554202646017075,-0.05496658384799957,0.44467677696078434
456,F,0.5,512,130560,4.380488121310855,4.300645861868859,73.7474089608748,4.402928829193115,0.07984225944199608,0.07984225941734138,0.5019148284313726,0.7295819829656359,0.7296645220588235,0.0682076846034781,0.11680251077384299,0.5062003135681152,0.2813694477081299,0.804199755191803,0.1107824519276619,-0.05933393910527229,0.4009267769607843
456,T,1.0,512,130560,4.380488121310855,4.445646929177943,85.255013956912,4.530458927154541,-0.06515880786708728,-0.06515880766759834,0.43042279411764706,0.6282733460413474,0.6585094975490197,0.07384139124100883,0.17034382611954282,0.8722485303878784,0.35059791803359985,0.804199755191803,0.11507581174373627,-0.07618952542543411,0.4228324142156863
456,G,0.0,512,130560,4.380488121310855,4.652063519081662,104.80102151098512,4.207749843597412,-0.27157539777080686,-0.2715753976940754,0.4138863357843137,0.20034765399188972,0.5567172181372549,0.06011563325138851,0.16317687839610268,0.7741251587867737,0.35776206851005554,0.804199755191803,0.1156960129737854,-0.06056749448180199,0.4394607843137255
