student_seed,group_type,group_value,count,fraction,mean_student_loss,mean_u_T,mean_u_G,mean_u_F,fused_improvement_over_transformer_gold_logprob,fused_improvement_over_grassmann_gold_logprob
42,student_loss_quintile,Q1,26112,0.2,0.0914152011741703,-0.28662518165271944,-0.1882293373611815,-0.12510656674466056,0.1615186149080589,0.06312277061652094
42,student_loss_quintile,Q2,26112,0.2,1.5699237976839546,-0.5774043025094215,-0.545735542615664,-0.3089099175753219,0.26849438493409966,0.23682562504034216
42,student_loss_quintile,Q3,26112,0.2,3.756631299707235,-0.394291767199748,-0.7136205496629141,-0.27871761622629815,0.11557415097344989,0.43490293343661596
42,student_loss_quintile,Q4,26112,0.2,6.307828520735105,0.15784261210858092,-0.25576440902260206,0.23693574794314748,0.07909313583456655,0.49270015696574954
42,student_loss_quintile,Q5,26112,0.2,10.104788767210408,0.7028315798744705,0.2736198297649275,0.8031566297697068,0.10032504989523623,0.5295368000047793
123,student_loss_quintile,Q1,26112,0.2,0.10904609121215846,-0.2557984153108567,-0.16341129392859394,-0.10040629659297703,0.15539211871787964,0.06300499733561689
123,student_loss_quintile,Q2,26112,0.2,1.652444825635529,-0.45743687911414654,-0.4290085033484698,-0.18885502393780318,0.2685818551763434,0.24015347941066661
123,student_loss_quintile,Q3,26112,0.2,3.809510251178461,-0.36144688821093274,-0.6961223442504335,-0.2543129730480609,0.10713391516287184,0.4418093712023726
123,student_loss_quintile,Q4,26112,0.2,6.317203300055482,0.16500698262597344,-0.2433624447725129,0.24864083065710707,0.08363384803113363,0.49200327542961997
123,student_loss_quintile,Q5,26112,0.2,10.006179507474835,0.5758245296767164,0.16597096644816736,0.6860881291338992,0.11026359945718273,0.5201171626857317
456,student_loss_quintile,Q1,26112,0.2,0.10571117707539195,-0.2701353133660561,-0.16862938311471853,-0.10771471837170386,0.16242059499435227,0.060914664743014664
456,student_loss_quintile,Q2,26112,0.2,1.6411918874044775,-0.5049215111935601,-0.46512492986107645,-0.23356824949072083,0.27135326170283924,0.23155668037035562
456,student_loss_quintile,Q3,26112,0.2,3.798569249619237,-0.35536120975859165,-0.6904366261522441,-0.24688598280658433,0.10847522695200727,0.4435506433456598
456,student_loss_quintile,Q4,26112,0.2,6.321477863882833,0.17635064911604892,-0.23403370375440408,0.25779826483117446,0.0814476157151255,0.4918319685855785
456,student_loss_quintile,Q5,26112,0.2,10.035490428572338,0.6282733458667245,0.20034765402841218,0.7295819830478114,0.10130863718108694,0.5292343290193993
