level,predictor,n,spearman_rho,auroc,sign_accuracy,balanced_accuracy,mcc
seed,Teacher residual,21,0.43766233766233764,0.7111111111111111,0.5238095238095238,0.5166666666666666,0.03015113445777636
seed,Teacher val NLL,21,0.23592080681279154,0.5,,,
seed,KL magnitude,21,0.4506493506493507,0.7222222222222222,,,
seed,KD grad norm,21,-0.11818181818181818,0.5,,,
seed,Train CE-KD cosine,21,-0.024675324675324677,0.47777777777777786,0.7142857142857143,0.5,0.0
seed,Validation dot a,21,0.24935064935064938,0.6444444444444445,0.5714285714285714,0.65,0.279078152825719
seed,Validation cosine,21,0.2857142857142857,0.6444444444444445,0.5714285714285714,0.65,0.279078152825719
seed,Quadratic gain,21,0.24935064935064938,0.6444444444444445,0.5714285714285714,0.65,0.279078152825719
seed,Virtual nominal gain,21,0.42727272727272725,0.7,0.5714285714285714,0.7,0.4
family,Teacher residual,7,0.6785714285714287,0.8,0.5714285714285714,0.55,0.09128709291752768
family,Teacher val NLL,7,0.25,0.5,,,
family,KL magnitude,7,0.642857142857143,0.8,,,
family,KD grad norm,7,0.07142857142857144,0.6,,,
family,Train CE-KD cosine,7,0.3571428571428572,0.6,0.7142857142857143,0.5,0.0
family,Validation dot a,7,0.1785714285714286,0.6000000000000001,0.5714285714285714,0.7,0.4
family,Validation cosine,7,0.39285714285714296,0.7,0.5714285714285714,0.7,0.4
family,Quadratic gain,7,0.1785714285714286,0.6000000000000001,0.5714285714285714,0.7,0.4
family,Virtual nominal gain,7,0.39285714285714296,0.7,0.42857142857142855,0.6,0.2581988897471611
