dataset,seed,arm,lambda,clip_fraction,nonfinite_fraction,overflow_fraction,gradient_norm_mean,gradient_norm_max,gradient_norm_ce_initial,gradient_norm_kd_initial_unweighted,gradient_ratio_weighted_kd_over_ce_initial,ce_mean,scaled_kl_mean_T2,peak_allocated_gib,wall_seconds,clip_saturation_warning,overflow_note
tinystories,42,teacher,0.0,0.03521703521703522,0.0,0.0,0.8143142764437501,2.493989944458008,,,,1.4654077443667892,0.0,8.133071422576904,1516.8902325555682,False,"BF16 has no GradScaler; finite losses, unclipped grad norms and parameters checked each step"
tinystories,42,s0,0.0,0.05978705978705979,0.0,0.0,0.8930844856909705,2.2246651649475098,,,,1.645595909990706,0.0,3.5587620735168457,1417.6687374040484,False,"BF16 has no GradScaler; finite losses, unclipped grad norms and parameters checked each step"
tinystories,42,ce,0.0,0.004914004914004914,0.0,0.0,0.8417638691598328,1.5945029258728027,0.7746411223681002,,,1.5544623992068611,0.0,3.5587620735168457,1409.0785011751577,False,"BF16 has no GradScaler; finite losses, unclipped grad norms and parameters checked each step"
tinystories,42,kd1,1.0,0.4799344799344799,0.0,0.0,1.0506008372845754,4.585771560668945,0.7746411223681002,4.333652613818685,5.594400411600386,1.5493540258989156,0.6602312574386651,5.069586753845215,1481.1858187923208,False,"BF16 has no GradScaler; finite losses, unclipped grad norms and parameters checked each step"
tinystories,42,kd5,5.0,1.0,0.0,0.0,2.6149842360291102,22.346431732177734,0.7746411223681002,4.333652613818685,27.97200205800193,1.557412689847219,0.6166111968317353,5.069586753845215,1668.2056848118082,True,"BF16 has no GradScaler; finite losses, unclipped grad norms and parameters checked each step"
fineweb,42,teacher,0.0,0.049959049959049956,0.0,0.0,0.9005589895713144,2.2543115615844727,,,,2.711767870395229,0.0,8.133071422576904,1431.6370199760422,False,"BF16 has no GradScaler; finite losses, unclipped grad norms and parameters checked each step"
fineweb,42,s0,0.0,0.1294021294021294,0.0,0.0,0.9474455734240432,3.142341136932373,,,,2.9335025131558687,0.0,3.5587620735168457,1327.4008617233485,False,"BF16 has no GradScaler; finite losses, unclipped grad norms and parameters checked each step"
fineweb,42,ce,0.0,0.05896805896805897,0.0,0.0,0.9298478360550996,1.394476056098938,1.0584193219068365,,,2.924724492845354,0.0,3.5587620735168457,1332.3989656604826,False,"BF16 has no GradScaler; finite losses, unclipped grad norms and parameters checked each step"
fineweb,42,kd1,1.0,0.8501228501228502,0.0,0.0,1.0846002499750655,2.502528667449951,1.0584193219068365,2.2761954095545076,2.150561089015022,2.9398980703499467,1.0928074514509787,5.069586753845215,1689.2666230462492,False,"BF16 has no GradScaler; finite losses, unclipped grad norms and parameters checked each step"
fineweb,42,kd5,5.0,1.0,0.0,0.0,2.5571567530909296,11.615944862365723,1.0584193219068365,2.2761954095545076,10.752805445075111,2.9689676381207564,1.0438432733659935,5.069586753845215,1804.2205513454974,True,"BF16 has no GradScaler; finite losses, unclipped grad norms and parameters checked each step"
