dataset,seed,arm,lambda,train_target_tokens,validation_nll,test_nll,test_ppl,gain_test_nll,gain_validation_nll,clear_effect,best_validation_step,best_validation_tokens,teacher_residual_advantage_over_s0,numerically_valid,dataset_decision
tinystories,42,teacher,0.0,10000000,1.404917415723857,1.4524211118365953,4.273448496997153,,,,1221,10000000,0.17385635606060257,True,STOP_MODERN_REPLICATION
tinystories,42,s0,0.0,10000000,1.5787737717844597,1.619276130018675,5.049433859730114,,,,1221,10000000,0.17385635606060257,True,STOP_MODERN_REPLICATION
tinystories,42,ce,0.0,10000000,1.5345059862607946,1.579429492790327,4.852186813886059,,,,1221,10000000,0.17385635606060257,True,STOP_MODERN_REPLICATION
tinystories,42,kd1,1.0,10000000,1.5301683804270885,1.5744808607893879,4.828234441563117,0.0049486320009390905,0.004337605833706126,False,1221,10000000,0.17385635606060257,True,STOP_MODERN_REPLICATION
tinystories,42,kd5,5.0,10000000,1.5404909387357966,1.584226882212436,4.875520569384921,-0.004797389422108944,-0.00598495247500197,False,1221,10000000,0.17385635606060257,True,STOP_MODERN_REPLICATION
fineweb,42,teacher,0.0,10000000,2.74748592931419,2.7260170069904412,15.271937699026221,,,,1221,10000000,0.2196260117450377,True,MODERN_REPLICATION_WORTHWHILE
fineweb,42,s0,0.0,10000000,2.9671119410592275,2.944338195891016,18.998085214257745,,,,256,2097152,0.2196260117450377,True,MODERN_REPLICATION_WORTHWHILE
fineweb,42,ce,0.0,10000000,2.9731549001558997,2.9499003131674963,19.104049211151732,,,,1221,10000000,0.2196260117450377,True,MODERN_REPLICATION_WORTHWHILE
fineweb,42,kd1,1.0,10000000,2.988861268805212,2.9656189114668994,19.40671056105521,-0.01571859829940303,-0.015706368649312186,False,1221,10000000,0.2196260117450377,True,MODERN_REPLICATION_WORTHWHILE
fineweb,42,kd5,5.0,10000000,3.0198819562790318,2.9963039766837967,20.01143733166375,-0.04640366351630032,-0.046727056123132105,True,1221,10000000,0.2196260117450377,True,MODERN_REPLICATION_WORTHWHILE
