dataset,arm,selected_sha256,s0_sha256,teacher_sha256,training_order_sha256,source_state_path
tinystories,teacher,a9d292a2a0559ea9d102a5a3318297092ffcbdfa8363df3bbaba4989c06dab1f,,,4308212869b4ec451b585aca188b174ffba2efc976dc641a59b4a1cabfff5d3d,runs/tinystories/teacher/selected.pt
tinystories,s0,d8c9fe54b3c22a4996b5e2f095a304b70901fd4d88ac61599f80ceecafe2c48a,,,4308212869b4ec451b585aca188b174ffba2efc976dc641a59b4a1cabfff5d3d,runs/tinystories/s0/selected.pt
tinystories,ce,615e5580f8e0d812521e082c14a9db89081b1c98298b6250fe49acbca92816ae,d8c9fe54b3c22a4996b5e2f095a304b70901fd4d88ac61599f80ceecafe2c48a,,fbe761a12512d92358853013e4403c458875758a40d6c61b27723f3c765dda2d,runs/tinystories/ce/selected.pt
tinystories,kd1,3d4d214ecf7a67e1bc05bfb997d9428ae0d1ae4c254a6d971a5d1157ac00f93f,d8c9fe54b3c22a4996b5e2f095a304b70901fd4d88ac61599f80ceecafe2c48a,a9d292a2a0559ea9d102a5a3318297092ffcbdfa8363df3bbaba4989c06dab1f,fbe761a12512d92358853013e4403c458875758a40d6c61b27723f3c765dda2d,runs/tinystories/kd1/selected.pt
tinystories,kd5,6a8ff3fafae3db16d01d768254c91359676c38036bf237656a4a40d2a33759f8,d8c9fe54b3c22a4996b5e2f095a304b70901fd4d88ac61599f80ceecafe2c48a,a9d292a2a0559ea9d102a5a3318297092ffcbdfa8363df3bbaba4989c06dab1f,fbe761a12512d92358853013e4403c458875758a40d6c61b27723f3c765dda2d,runs/tinystories/kd5/selected.pt
fineweb,teacher,c7411708b61e6524ef05bd24e9e618f19fcc119e9a3c0664c5f4f169dbf16928,,,4308212869b4ec451b585aca188b174ffba2efc976dc641a59b4a1cabfff5d3d,runs/fineweb/teacher/selected.pt
fineweb,s0,f497cf2310050b163ecb167f75ae4f89c2780d4165aa8f25ff77025715f4bd28,,,4308212869b4ec451b585aca188b174ffba2efc976dc641a59b4a1cabfff5d3d,runs/fineweb/s0/selected.pt
fineweb,ce,8e0feb342f66f76915dcb745b39f24bb69ab74b1213e54dac3aa6c603840e3db,f497cf2310050b163ecb167f75ae4f89c2780d4165aa8f25ff77025715f4bd28,,fbe761a12512d92358853013e4403c458875758a40d6c61b27723f3c765dda2d,runs/fineweb/ce/selected.pt
fineweb,kd1,09f13435f14537099e3e2388cd96ee249731e5feb8fdb47b5aa2fd9c981dc8cb,f497cf2310050b163ecb167f75ae4f89c2780d4165aa8f25ff77025715f4bd28,c7411708b61e6524ef05bd24e9e618f19fcc119e9a3c0664c5f4f169dbf16928,fbe761a12512d92358853013e4403c458875758a40d6c61b27723f3c765dda2d,runs/fineweb/kd1/selected.pt
fineweb,kd5,51ed645b3cdabca46fb06abf955eb4e7dc05ab0cf86aae55df0a36bcb5098465,f497cf2310050b163ecb167f75ae4f89c2780d4165aa8f25ff77025715f4bd28,c7411708b61e6524ef05bd24e9e618f19fcc119e9a3c0664c5f4f169dbf16928,fbe761a12512d92358853013e4403c458875758a40d6c61b27723f3c765dda2d,runs/fineweb/kd5/selected.pt
