dataset,alpha,teacher_val_nll,ws_ce_val_nll,delta_teacher,classification
ptb,0.0,4.200023194774509,4.237279022146569,0.03725582737205979,transition_unclassified
ptb,0.1,4.1464149318501455,4.237279022146569,0.0908640902964235,T_good
ptb,0.2,4.104830942427653,4.237279022146569,0.13244807971891603,T_good
ptb,0.3,4.075358532225811,4.237279022146569,0.16192048992075847,T_good
ptb,0.4,4.058225335484078,4.237279022146569,0.179053686662491,T_good
ptb,0.5,4.0537836473067435,4.237279022146569,0.1834953748398256,T_good
ptb,0.6,4.062497727778371,4.237279022146569,0.17478129436819767,T_good
ptb,0.7,4.084927431235078,4.237279022146569,0.15235159091149075,T_good
ptb,0.8,4.121705986793359,4.237279022146569,0.11557303535320962,T_good
ptb,0.9,4.173514560187449,4.237279022146569,0.06376446195911978,T_good
ptb,1.0,4.2410507387340415,4.237279022146569,-0.00377171658747244,T_near
wikitext2,0.0,4.652054625081046,4.385544566638442,-0.2665100584426039,T_bad
wikitext2,0.1,4.5438998404110205,4.385544566638442,-0.1583552737725782,T_bad
wikitext2,0.2,4.45531032404133,4.385544566638442,-0.06976575740288737,T_bad
wikitext2,0.3,4.385215046994585,4.385544566638442,0.0003295196438575232,T_near
wikitext2,0.4,4.333547662660547,4.385544566638442,0.05199690397789514,T_good
wikitext2,0.5,4.300644804253428,4.385544566638442,0.08489976238501384,T_good
wikitext2,0.6,4.287094160021616,4.385544566638442,0.09845040661682614,T_good
wikitext2,0.7,4.293700150530794,4.385544566638442,0.09184441610764793,T_good
wikitext2,0.8,4.321477274507164,4.385544566638442,0.06406729213127793,T_good
wikitext2,0.9,4.371653230967648,4.385544566638442,0.01389133567079437,T_near
wikitext2,1.0,4.445655657516255,4.385544566638442,-0.060111090877812856,T_bad
tinystories,0.0,2.1120585984480877,1.5801777349143757,-0.531880863533712,T_bad
tinystories,0.1,1.9605664847819688,1.5801777349143757,-0.3803887498675931,T_bad
tinystories,0.2,1.8353147161195502,1.5801777349143757,-0.2551369812051745,T_bad
tinystories,0.3,1.7361680810048443,1.5801777349143757,-0.15599034609046858,T_bad
tinystories,0.4,1.6637558557626875,1.5801777349143757,-0.08357812084831173,T_bad
tinystories,0.5,1.6187005289409377,1.5801777349143757,-0.038522794026562,transition_unclassified
tinystories,0.6,1.6008530177212577,1.5801777349143757,-0.02067528280688191,T_near
tinystories,0.7,1.6094562932669845,1.5801777349143757,-0.02927855835260873,transition_unclassified
tinystories,0.8,1.6436130357585093,1.5801777349143757,-0.06343530084413351,T_bad
tinystories,0.9,1.702407673056064,1.5801777349143757,-0.12222993814168825,T_bad
tinystories,1.0,1.7850477766258843,1.5801777349143757,-0.20487004171150858,T_bad
codeparrot_common5k,0.0,2.680898476728469,2.0577498679036372,-0.6231486088248319,T_bad
codeparrot_common5k,0.1,2.4108572868741343,2.0577498679036372,-0.353107418970497,T_bad
codeparrot_common5k,0.2,2.189363471666373,2.0577498679036372,-0.13161360376273556,T_bad
codeparrot_common5k,0.3,2.01565822287361,2.0577498679036372,0.04209164503002727,transition_unclassified
codeparrot_common5k,0.4,1.8896127971332528,2.0577498679036372,0.16813707077038442,T_good
codeparrot_common5k,0.5,1.8115334935966334,2.0577498679036372,0.24621637430700383,T_good
codeparrot_common5k,0.6,1.780086038638924,2.0577498679036372,0.27766382926471334,T_good
codeparrot_common5k,0.7,1.791482640771872,2.0577498679036372,0.2662672271317652,T_good
codeparrot_common5k,0.8,1.8437272796629127,2.0577498679036372,0.2140225882407245,T_good
codeparrot_common5k,0.9,1.9416391747715038,2.0577498679036372,0.1161106931321334,T_good
codeparrot_common5k,1.0,2.0892483030927003,2.0577498679036372,-0.031498435189063034,transition_unclassified
