checkpoint_path,size_mib,run_dir,family,run_status,referenced_by_local_summary,recommendation
outputs/distill_experiments/20260317_171512_wt2_distill_t2g_ws1248_rd64/checkpoints/student_best.pt,76.820,outputs/distill_experiments/20260317_171512_wt2_distill_t2g_ws1248_rd64,distill_experiments,complete,true,keep_referenced
outputs/distill_experiments/20260317_185756_wt2_distill_t2g_ws124_rd64_a01/checkpoints/student_best.pt,76.820,outputs/distill_experiments/20260317_185756_wt2_distill_t2g_ws124_rd64_a01,distill_experiments,complete,true,keep_referenced
outputs/distill_experiments/20260317_192324_wt2_distill_t2g_ws124_rd64_a02/checkpoints/student_best.pt,76.820,outputs/distill_experiments/20260317_192324_wt2_distill_t2g_ws124_rd64_a02,distill_experiments,complete,true,keep_referenced
outputs/distill_experiments/20260317_202526_wt2_distill_t2g_ws124_rd64_a005/checkpoints/student_best.pt,76.820,outputs/distill_experiments/20260317_202526_wt2_distill_t2g_ws124_rd64_a005,distill_experiments,complete,true,keep_referenced
outputs/distill_experiments/20260317_214721_wt2_distill_t2g_ws124_rd64_a01_t1/checkpoints/student_best.pt,76.820,outputs/distill_experiments/20260317_214721_wt2_distill_t2g_ws124_rd64_a01_t1,distill_experiments,complete,true,keep_referenced
outputs/distill_experiments/20260318_114845_ptb_distill_t2g_ws124_rd64_md240_a01_t1/checkpoints/student_best.pt,71.153,outputs/distill_experiments/20260318_114845_ptb_distill_t2g_ws124_rd64_md240_a01_t1,distill_experiments,complete,true,keep_referenced
outputs/distill_experiments/20260319_084019_tinystories_distill_t2g_ws124_rd64_md240_a01_t1/checkpoints/student_best.pt,71.153,outputs/distill_experiments/20260319_084019_tinystories_distill_t2g_ws124_rd64_md240_a01_t1,distill_experiments,complete,true,keep_referenced
outputs/distill_experiments/20260321_073338_tinystories_distill_t2g_ws124_rd64_md240_a005_t1/checkpoints/student_best.pt,71.153,outputs/distill_experiments/20260321_073338_tinystories_distill_t2g_ws124_rd64_md240_a005_t1,distill_experiments,complete,true,keep_referenced
outputs/distill_experiments/20260328_111500_ptb_distill_grassmann_balanced/checkpoints/student_best.pt,63.078,outputs/distill_experiments/20260328_111500_ptb_distill_grassmann_balanced,distill_experiments,complete,true,keep_referenced
outputs/distill_experiments/20260328_112507_ptb_distill_grassmann_light/checkpoints/student_best.pt,46.202,outputs/distill_experiments/20260328_112507_ptb_distill_grassmann_light,distill_experiments,complete,true,keep_referenced
outputs/distill_experiments/20260328_113211_ptb_distill_transformer_control/checkpoints/student_best.pt,57.038,outputs/distill_experiments/20260328_113211_ptb_distill_transformer_control,distill_experiments,complete,true,keep_referenced
outputs/distill_experiments/20260328_124550_ptb_distill_grassmann_sanity_240x64_a/checkpoints/student_best.pt,71.153,outputs/distill_experiments/20260328_124550_ptb_distill_grassmann_sanity_240x64_a,distill_experiments,complete,true,keep_referenced
outputs/distill_experiments/20260328_130032_ptb_distill_grassmann_sanity_240x64_b/checkpoints/student_best.pt,71.153,outputs/distill_experiments/20260328_130032_ptb_distill_grassmann_sanity_240x64_b,distill_experiments,complete,true,keep_referenced
outputs/distill_experiments/20260328_132103_ptb_distill_hybrid_lite_mild/checkpoints/student_best.pt,120.121,outputs/distill_experiments/20260328_132103_ptb_distill_hybrid_lite_mild,distill_experiments,complete,true,keep_referenced
outputs/distill_experiments/20260328_133305_ptb_distill_hybrid_lite_balanced/checkpoints/student_best.pt,98.014,outputs/distill_experiments/20260328_133305_ptb_distill_hybrid_lite_balanced,distill_experiments,complete,true,keep_referenced
outputs/distill_experiments/20260328_134315_ptb_distill_hybrid_lite_mild_hot/checkpoints/student_best.pt,120.121,outputs/distill_experiments/20260328_134315_ptb_distill_hybrid_lite_mild_hot,distill_experiments,complete,true,keep_referenced
outputs/distill_experiments/20260329_111514_ptb_hybrid_lite_warmstart_ce_only/checkpoints/student_best.pt,120.121,outputs/distill_experiments/20260329_111514_ptb_hybrid_lite_warmstart_ce_only,distill_experiments,complete,true,keep_referenced
outputs/distill_experiments/20260329_112627_ptb_hybrid_lite_warmstart_kd01/checkpoints/student_best.pt,120.121,outputs/distill_experiments/20260329_112627_ptb_hybrid_lite_warmstart_kd01,distill_experiments,complete,true,keep_referenced
outputs/distill_experiments/20260329_113755_ptb_hybrid_lite_warmstart_kd02/checkpoints/student_best.pt,120.121,outputs/distill_experiments/20260329_113755_ptb_hybrid_lite_warmstart_kd02,distill_experiments,complete,true,keep_referenced
outputs/distill_experiments/20260402_112236_ptb_hybrid_lite_warmstart_kd005/checkpoints/student_best.pt,120.121,outputs/distill_experiments/20260402_112236_ptb_hybrid_lite_warmstart_kd005,distill_experiments,complete,true,keep_referenced
outputs/distill_experiments/20260402_113420_ptb_hybrid_lite_warmstart_kd015/checkpoints/student_best.pt,120.121,outputs/distill_experiments/20260402_113420_ptb_hybrid_lite_warmstart_kd015,distill_experiments,complete,true,keep_referenced
outputs/distill_experiments/20260402_115939_ptb_hybrid_lite_warmstart_224x56_l4_kd01/checkpoints/student_best.pt,108.858,outputs/distill_experiments/20260402_115939_ptb_hybrid_lite_warmstart_224x56_l4_kd01,distill_experiments,complete,true,keep_referenced
outputs/distill_experiments/20260402_122339_ptb_hybrid_lite_warmstart_192x48_kd01/checkpoints/student_best.pt,98.014,outputs/distill_experiments/20260402_122339_ptb_hybrid_lite_warmstart_192x48_kd01,distill_experiments,complete,true,keep_referenced
outputs/distill_experiments/20260402_131852_ptb_hybrid_lite_warmstart_192x48_l4_kd005/checkpoints/student_best.pt,90.009,outputs/distill_experiments/20260402_131852_ptb_hybrid_lite_warmstart_192x48_l4_kd005,distill_experiments,complete,true,keep_referenced
outputs/distill_experiments/20260402_142019_ptb_hybrid_lite_warmstart_224x56_l6_seed123_kd005/checkpoints/student_best.pt,120.121,outputs/distill_experiments/20260402_142019_ptb_hybrid_lite_warmstart_224x56_l6_seed123_kd005,distill_experiments,complete,true,keep_referenced
outputs/distill_experiments/20260402_142405_ptb_hybrid_lite_warmstart_192x48_l4_seed123_kd005/checkpoints/student_best.pt,90.009,outputs/distill_experiments/20260402_142405_ptb_hybrid_lite_warmstart_192x48_l4_seed123_kd005,distill_experiments,complete,true,keep_referenced
outputs/distill_experiments/20260402_142442_ptb_hybrid_lite_warmstart_224x56_l6_seed456_kd005/checkpoints/student_best.pt,120.121,outputs/distill_experiments/20260402_142442_ptb_hybrid_lite_warmstart_224x56_l6_seed456_kd005,distill_experiments,complete,true,keep_referenced
outputs/distill_experiments/20260402_144420_ptb_hybrid_lite_warmstart_192x48_l4_seed456_kd005/checkpoints/student_best.pt,90.009,outputs/distill_experiments/20260402_144420_ptb_hybrid_lite_warmstart_192x48_l4_seed456_kd005,distill_experiments,complete,true,keep_referenced
outputs/distill_experiments/20260413_055323_smoke_ptb_hybrid_lite_warmstart_224x56_l4_kd005/checkpoints/student_best.pt,108.858,outputs/distill_experiments/20260413_055323_smoke_ptb_hybrid_lite_warmstart_224x56_l4_kd005,distill_experiments,complete,true,keep_referenced
outputs/distill_experiments/20260413_055428_ptb_hybrid_lite_warmstart_224x56_l4_kd005/checkpoints/student_best.pt,108.858,outputs/distill_experiments/20260413_055428_ptb_hybrid_lite_warmstart_224x56_l4_kd005,distill_experiments,complete,true,keep_referenced
outputs/distill_experiments/20260413_055429_ptb_hybrid_lite_warmstart_192x48_l6_kd005/checkpoints/student_best.pt,98.014,outputs/distill_experiments/20260413_055429_ptb_hybrid_lite_warmstart_192x48_l6_kd005,distill_experiments,config_only,false,archive_candidate_incomplete
outputs/distill_experiments/20260413_061235_ptb_hybrid_lite_warmstart_192x48_l6_kd005/checkpoints/student_best.pt,98.014,outputs/distill_experiments/20260413_061235_ptb_hybrid_lite_warmstart_192x48_l6_kd005,distill_experiments,complete,true,keep_referenced
outputs/distill_experiments/20260413_080322_smoke_ptb_l6_twostage_stage1_kd005/checkpoints/student_best.pt,120.121,outputs/distill_experiments/20260413_080322_smoke_ptb_l6_twostage_stage1_kd005,distill_experiments,complete,true,keep_referenced
outputs/distill_experiments/20260413_080422_smoke_ptb_l6_twostage_stage2_a002/checkpoints/student_best.pt,120.121,outputs/distill_experiments/20260413_080422_smoke_ptb_l6_twostage_stage2_a002,distill_experiments,complete,true,keep_referenced
outputs/distill_experiments/20260413_080613_ptb_hybrid_lite_warmstart_l6_stage1_kd005_e6/checkpoints/student_best.pt,120.121,outputs/distill_experiments/20260413_080613_ptb_hybrid_lite_warmstart_l6_stage1_kd005_e6,distill_experiments,complete,true,keep_referenced
outputs/distill_experiments/20260413_081522_ptb_hybrid_lite_warmstart_l6_stage2_a000_e4/checkpoints/student_best.pt,120.121,outputs/distill_experiments/20260413_081522_ptb_hybrid_lite_warmstart_l6_stage2_a000_e4,distill_experiments,complete,true,keep_referenced
outputs/distill_experiments/20260413_081522_ptb_hybrid_lite_warmstart_l6_stage2_a002_e4/checkpoints/student_best.pt,120.121,outputs/distill_experiments/20260413_081522_ptb_hybrid_lite_warmstart_l6_stage2_a002_e4,distill_experiments,complete,true,keep_referenced
outputs/distill_experiments/20260413_083136_ptb_hybrid_lite_warmstart_l6_stage2_a001_e4/checkpoints/student_best.pt,120.121,outputs/distill_experiments/20260413_083136_ptb_hybrid_lite_warmstart_l6_stage2_a001_e4,distill_experiments,complete,true,keep_referenced
outputs/distill_experiments/20260413_084505_ptb_hybrid_lite_warmstart_l6_stage1_kd005_e6_seed123/checkpoints/student_best.pt,120.121,outputs/distill_experiments/20260413_084505_ptb_hybrid_lite_warmstart_l6_stage1_kd005_e6_seed123,distill_experiments,complete,true,keep_referenced
outputs/distill_experiments/20260413_084505_ptb_hybrid_lite_warmstart_l6_stage1_kd005_e6_seed456/checkpoints/student_best.pt,120.121,outputs/distill_experiments/20260413_084505_ptb_hybrid_lite_warmstart_l6_stage1_kd005_e6_seed456,distill_experiments,complete,true,keep_referenced
outputs/distill_experiments/20260413_085211_ptb_hybrid_lite_warmstart_l6_stage2_a002_e4_seed456/checkpoints/student_best.pt,120.121,outputs/distill_experiments/20260413_085211_ptb_hybrid_lite_warmstart_l6_stage2_a002_e4_seed456,distill_experiments,complete,true,keep_referenced
outputs/distill_experiments/20260413_085235_ptb_hybrid_lite_warmstart_l6_stage2_a002_e4_seed123/checkpoints/student_best.pt,120.121,outputs/distill_experiments/20260413_085235_ptb_hybrid_lite_warmstart_l6_stage2_a002_e4_seed123,distill_experiments,complete,true,keep_referenced
outputs/distill_experiments/20260413_085953_ptb_transformer_l6_stage1_kd005_e1_seed790_smoke_g2/checkpoints/student_best.pt,57.038,outputs/distill_experiments/20260413_085953_ptb_transformer_l6_stage1_kd005_e1_seed790_smoke_g2,distill_experiments,complete,true,keep_referenced
outputs/distill_experiments/20260413_090033_ptb_transformer_l6_stage2_a002_e1_seed790_smoke_g2/checkpoints/student_best.pt,57.038,outputs/distill_experiments/20260413_090033_ptb_transformer_l6_stage2_a002_e1_seed790_smoke_g2,distill_experiments,complete,true,keep_referenced
outputs/distill_experiments/20260413_090220_ptb_transformer_l6_stage1_kd000_e6_seed790/checkpoints/student_best.pt,57.038,outputs/distill_experiments/20260413_090220_ptb_transformer_l6_stage1_kd000_e6_seed790,distill_experiments,complete,true,keep_referenced
outputs/distill_experiments/20260413_090221_ptb_transformer_l6_stage1_kd005_e6_seed790/checkpoints/student_best.pt,57.038,outputs/distill_experiments/20260413_090221_ptb_transformer_l6_stage1_kd005_e6_seed790,distill_experiments,complete,true,keep_referenced
outputs/distill_experiments/20260413_090510_ptb_transformer_l6_stage2_a002_e4_seed790/checkpoints/student_best.pt,57.038,outputs/distill_experiments/20260413_090510_ptb_transformer_l6_stage2_a002_e4_seed790,distill_experiments,complete,true,keep_referenced
outputs/distill_experiments/20260413_090512_ptb_transformer_l6_stage2_a001_e4_seed790/checkpoints/student_best.pt,57.038,outputs/distill_experiments/20260413_090512_ptb_transformer_l6_stage2_a001_e4_seed790,distill_experiments,complete,true,keep_referenced
outputs/distill_experiments/20260413_091432_ptb_grassmann_l6_stage1_kd000_e6_seed792/checkpoints/student_best.pt,63.078,outputs/distill_experiments/20260413_091432_ptb_grassmann_l6_stage1_kd000_e6_seed792,distill_experiments,complete,true,keep_referenced
outputs/distill_experiments/20260413_091432_ptb_grassmann_l6_stage1_kd005_e6_seed792/checkpoints/student_best.pt,63.078,outputs/distill_experiments/20260413_091432_ptb_grassmann_l6_stage1_kd005_e6_seed792,distill_experiments,complete,true,keep_referenced
outputs/distill_experiments/20260413_092038_ptb_grassmann_l6_stage2_a002_e4_seed792/checkpoints/student_best.pt,63.078,outputs/distill_experiments/20260413_092038_ptb_grassmann_l6_stage2_a002_e4_seed792,distill_experiments,complete,true,keep_referenced
outputs/distill_experiments/20260413_092056_ptb_grassmann_l6_stage2_a001_e4_seed792/checkpoints/student_best.pt,63.078,outputs/distill_experiments/20260413_092056_ptb_grassmann_l6_stage2_a001_e4_seed792,distill_experiments,complete,true,keep_referenced
outputs/distill_experiments/20260515_014145_wt2_random_init_kd005/checkpoints/student_best.pt,120.121,outputs/distill_experiments/20260515_014145_wt2_random_init_kd005,distill_experiments,complete,true,keep_referenced
outputs/distill_experiments/20260515_014145_wt2_warmstart_ce_only/checkpoints/student_best.pt,120.121,outputs/distill_experiments/20260515_014145_wt2_warmstart_ce_only,distill_experiments,complete,true,keep_referenced
outputs/distill_experiments/20260515_014145_wt2_warmstart_kd005/checkpoints/student_best.pt,120.121,outputs/distill_experiments/20260515_014145_wt2_warmstart_kd005,distill_experiments,complete,true,keep_referenced
outputs/distill_experiments/20260515_014145_wt2_warmstart_kd010/checkpoints/student_best.pt,120.121,outputs/distill_experiments/20260515_014145_wt2_warmstart_kd010,distill_experiments,config_only,false,archive_candidate_incomplete
outputs/distill_experiments/20260515_020932_wt2_warmstart_kd002/checkpoints/student_best.pt,120.121,outputs/distill_experiments/20260515_020932_wt2_warmstart_kd002,distill_experiments,config_only,false,archive_candidate_incomplete
outputs/distill_experiments/20260515_020933_wt2_warmstart_kd020/checkpoints/student_best.pt,120.121,outputs/distill_experiments/20260515_020933_wt2_warmstart_kd020,distill_experiments,config_only,false,archive_candidate_incomplete
outputs/distill_experiments/20260515_022631_wt2_warmstart_kd002/checkpoints/student_best.pt,120.121,outputs/distill_experiments/20260515_022631_wt2_warmstart_kd002,distill_experiments,complete,true,keep_referenced
outputs/distill_experiments/20260515_022631_wt2_warmstart_kd020/checkpoints/student_best.pt,120.121,outputs/distill_experiments/20260515_022631_wt2_warmstart_kd020,distill_experiments,complete,true,keep_referenced
outputs/distill_experiments/20260515_111904_ptb_warmstart_kd0/checkpoints/student_best.pt,120.121,outputs/distill_experiments/20260515_111904_ptb_warmstart_kd0,distill_experiments,complete,true,keep_referenced
outputs/distill_experiments/20260515_121432_ptb_warmstart_lambda_20/checkpoints/student_best.pt,120.121,outputs/distill_experiments/20260515_121432_ptb_warmstart_lambda_20,distill_experiments,complete,true,keep_referenced
outputs/distill_experiments/20260515_122632_ptb_warmstart_lambda_30/checkpoints/student_best.pt,120.121,outputs/distill_experiments/20260515_122632_ptb_warmstart_lambda_30,distill_experiments,complete,true,keep_referenced
outputs/distill_experiments/20260515_123903_ptb_warmstart_lambda_40/checkpoints/student_best.pt,120.121,outputs/distill_experiments/20260515_123903_ptb_warmstart_lambda_40,distill_experiments,complete,true,keep_referenced
outputs/distill_experiments/20260515_130637_wt2_warmstart_lambda_10/checkpoints/student_best.pt,120.121,outputs/distill_experiments/20260515_130637_wt2_warmstart_lambda_10,distill_experiments,complete,true,keep_referenced
outputs/distill_experiments/20260515_130903_ts_random_init_kd005/checkpoints/student_best.pt,120.121,outputs/distill_experiments/20260515_130903_ts_random_init_kd005,distill_experiments,complete,true,keep_referenced
outputs/distill_experiments/20260515_133151_wt2_warmstart_lambda_30/checkpoints/student_best.pt,120.121,outputs/distill_experiments/20260515_133151_wt2_warmstart_lambda_30,distill_experiments,complete,true,keep_referenced
outputs/distill_experiments/20260515_135716_wt2_warmstart_lambda_40/checkpoints/student_best.pt,120.121,outputs/distill_experiments/20260515_135716_wt2_warmstart_lambda_40,distill_experiments,complete,true,keep_referenced
outputs/distill_experiments/20260516_011242_ts_warmstart_ce_only/checkpoints/student_best.pt,120.121,outputs/distill_experiments/20260516_011242_ts_warmstart_ce_only,distill_experiments,complete,true,keep_referenced
outputs/distill_experiments/20260516_011244_ts_warmstart_lambda_20/checkpoints/student_best.pt,120.121,outputs/distill_experiments/20260516_011244_ts_warmstart_lambda_20,distill_experiments,complete,true,keep_referenced
outputs/distill_experiments/20260516_011246_ts_warmstart_lambda_50/checkpoints/student_best.pt,120.121,outputs/distill_experiments/20260516_011246_ts_warmstart_lambda_50,distill_experiments,complete,true,keep_referenced
outputs/distill_experiments/20260516_133235_ts_warmstart_lambda_10/checkpoints/student_best.pt,120.121,outputs/distill_experiments/20260516_133235_ts_warmstart_lambda_10,distill_experiments,complete,true,keep_referenced
outputs/distill_experiments/20260517_012108_ts_warmstart_lambda_30/checkpoints/student_best.pt,120.121,outputs/distill_experiments/20260517_012108_ts_warmstart_lambda_30,distill_experiments,complete,true,keep_referenced
outputs/distill_experiments/20260517_130749_ts_warmstart_lambda_40/checkpoints/student_best.pt,120.121,outputs/distill_experiments/20260517_130749_ts_warmstart_lambda_40,distill_experiments,complete,true,keep_referenced
outputs/distill_experiments/20260525_140819_code_warmstart_ce_only/checkpoints/student_best.pt,120.121,outputs/distill_experiments/20260525_140819_code_warmstart_ce_only,distill_experiments,complete,true,keep_referenced
outputs/distill_experiments/20260525_140832_code_random_init_kd005/checkpoints/student_best.pt,120.121,outputs/distill_experiments/20260525_140832_code_random_init_kd005,distill_experiments,complete,true,keep_referenced
outputs/distill_experiments/20260525_140845_code_warmstart_kd002/checkpoints/student_best.pt,120.121,outputs/distill_experiments/20260525_140845_code_warmstart_kd002,distill_experiments,complete,true,keep_referenced
outputs/distill_experiments/20260529_154523_code_random_init_kd005_code_teacher/checkpoints/student_best.pt,120.121,outputs/distill_experiments/20260529_154523_code_random_init_kd005_code_teacher,distill_experiments,complete,true,keep_referenced
outputs/distill_experiments/20260529_154530_code_warmstart_kd002_code_teacher/checkpoints/student_best.pt,120.121,outputs/distill_experiments/20260529_154530_code_warmstart_kd002_code_teacher,distill_experiments,complete,true,keep_referenced
outputs/distill_experiments/20260529_154859_code_ri_kd005/checkpoints/student_best.pt,120.121,outputs/distill_experiments/20260529_154859_code_ri_kd005,distill_experiments,complete,true,keep_referenced
outputs/distill_experiments/20260529_154900_code_ws_kd002/checkpoints/student_best.pt,120.121,outputs/distill_experiments/20260529_154900_code_ws_kd002,distill_experiments,complete,true,keep_referenced
outputs/distill_experiments/20260529_154901_code_ws_ce_only/checkpoints/student_best.pt,120.121,outputs/distill_experiments/20260529_154901_code_ws_ce_only,distill_experiments,complete,true,keep_referenced
outputs/distill_experiments/20260530_013210_code_ws_kd10/checkpoints/student_best.pt,120.121,outputs/distill_experiments/20260530_013210_code_ws_kd10,distill_experiments,complete,true,keep_referenced
outputs/distill_experiments/20260530_060326_code_ws_kd30/checkpoints/student_best.pt,120.121,outputs/distill_experiments/20260530_060326_code_ws_kd30,distill_experiments,config_only,false,archive_candidate_incomplete
outputs/distill_experiments/20260530_143430_code_ws_kd100/checkpoints/student_best.pt,120.121,outputs/distill_experiments/20260530_143430_code_ws_kd100,distill_experiments,complete,true,keep_referenced
outputs/distill_experiments/20260530_143434_code_ws_kd40/checkpoints/student_best.pt,120.121,outputs/distill_experiments/20260530_143434_code_ws_kd40,distill_experiments,complete,true,keep_referenced
outputs/distill_experiments/20260530_143435_code_ws_kd30/checkpoints/student_best.pt,120.121,outputs/distill_experiments/20260530_143435_code_ws_kd30,distill_experiments,complete,true,keep_referenced
outputs/distill_experiments/20260601_024657_ptb_r32_warmstart_kd002/checkpoints/student_best.pt,114.550,outputs/distill_experiments/20260601_024657_ptb_r32_warmstart_kd002,distill_experiments,complete,true,keep_referenced
outputs/distill_experiments/20260916_034049_h0_ptb_smoke_token_l0_seed42/checkpoints/student_best.pt,120.121,outputs/distill_experiments/20260916_034049_h0_ptb_smoke_token_l0_seed42,distill_experiments,complete,true,keep_referenced
outputs/distill_experiments/20260916_034049_h0_ptb_smoke_token_l2p5_seed42/checkpoints/student_best.pt,120.121,outputs/distill_experiments/20260916_034049_h0_ptb_smoke_token_l2p5_seed42,distill_experiments,complete,true,keep_referenced
outputs/distill_experiments/20260916_034049_h0_ptb_smoke_token_l5_seed42/checkpoints/student_best.pt,120.121,outputs/distill_experiments/20260916_034049_h0_ptb_smoke_token_l5_seed42,distill_experiments,complete,true,keep_referenced
outputs/distill_experiments/20260916_034613_h0_ptb_smoke_legacy_a002_seed42/checkpoints/student_best.pt,120.121,outputs/distill_experiments/20260916_034613_h0_ptb_smoke_legacy_a002_seed42,distill_experiments,complete,true,keep_referenced
outputs/distill_experiments/20260916_034739_h0_ptb_smoke_token_l10_seed42/checkpoints/student_best.pt,120.121,outputs/distill_experiments/20260916_034739_h0_ptb_smoke_token_l10_seed42,distill_experiments,complete,true,keep_referenced
outputs/distill_experiments/20260916_034947_h0_ptb_diag_legacy_a002_seed42/checkpoints/student_best.pt,120.121,outputs/distill_experiments/20260916_034947_h0_ptb_diag_legacy_a002_seed42,distill_experiments,complete,true,keep_referenced
outputs/distill_experiments/20260916_034947_h0_ptb_diag_token_l5_seed42/checkpoints/student_best.pt,120.121,outputs/distill_experiments/20260916_034947_h0_ptb_diag_token_l5_seed42,distill_experiments,complete,true,keep_referenced
outputs/experiments/20260317_114514_wt2_baseline_both/checkpoints/grassmann_best.pt,67.586,outputs/experiments/20260317_114514_wt2_baseline_both,experiments,complete,true,keep_referenced
outputs/experiments/20260317_114514_wt2_baseline_both/checkpoints/transformer_best.pt,67.434,outputs/experiments/20260317_114514_wt2_baseline_both,experiments,complete,true,keep_referenced
outputs/experiments/20260317_123221_wt2_ablation_rd16/checkpoints/grassmann_best.pt,65.254,outputs/experiments/20260317_123221_wt2_ablation_rd16,experiments,complete,true,keep_referenced
outputs/experiments/20260317_124114_wt2_ablation_ws1248/checkpoints/grassmann_best.pt,67.586,outputs/experiments/20260317_124114_wt2_ablation_ws1248,experiments,complete,true,keep_referenced
outputs/experiments/20260317_130244_wt2_ws1248_seed1/checkpoints/grassmann_best.pt,67.586,outputs/experiments/20260317_130244_wt2_ws1248_seed1,experiments,complete,true,keep_referenced
outputs/experiments/20260317_153632_wt2_ws1248_seed2/checkpoints/grassmann_best.pt,67.586,outputs/experiments/20260317_153632_wt2_ws1248_seed2,experiments,complete,true,keep_referenced
outputs/experiments/20260317_154710_wt2_ws124/checkpoints/grassmann_best.pt,67.586,outputs/experiments/20260317_154710_wt2_ws124,experiments,complete,true,keep_referenced
outputs/experiments/20260317_155606_wt2_ws124812/checkpoints/grassmann_best.pt,67.586,outputs/experiments/20260317_155606_wt2_ws124812,experiments,complete,true,keep_referenced
outputs/experiments/20260317_160811_wt2_ws1248_rd64/checkpoints/grassmann_best.pt,76.820,outputs/experiments/20260317_160811_wt2_ws1248_rd64,experiments,complete,true,keep_referenced
outputs/experiments/20260317_163524_wt2_ws1248_rd16/checkpoints/grassmann_best.pt,65.254,outputs/experiments/20260317_163524_wt2_ws1248_rd16,experiments,complete,true,keep_referenced
outputs/experiments/20260317_165317_wt2_ws124_rd64/checkpoints/grassmann_best.pt,76.820,outputs/experiments/20260317_165317_wt2_ws124_rd64,experiments,complete,true,keep_referenced
outputs/experiments/20260317_174627_wt2_ws124_seed1/checkpoints/grassmann_best.pt,67.586,outputs/experiments/20260317_174627_wt2_ws124_seed1,experiments,complete,true,keep_referenced
outputs/experiments/20260317_182950_wt2_ws124_seed2/checkpoints/grassmann_best.pt,67.586,outputs/experiments/20260317_182950_wt2_ws124_seed2,experiments,complete,true,keep_referenced
outputs/experiments/20260317_195926_wt2_ws124_rd64_md240/checkpoints/grassmann_best.pt,71.154,outputs/experiments/20260317_195926_wt2_ws124_rd64_md240,experiments,complete,true,keep_referenced
outputs/experiments/20260318_094720_ptb_baseline_both/checkpoints/grassmann_best.pt,67.586,outputs/experiments/20260318_094720_ptb_baseline_both,experiments,complete,true,keep_referenced
outputs/experiments/20260318_094720_ptb_baseline_both/checkpoints/transformer_best.pt,67.434,outputs/experiments/20260318_094720_ptb_baseline_both,experiments,complete,true,keep_referenced
outputs/experiments/20260318_102137_ptb_ws124_rd64_md240/checkpoints/grassmann_best.pt,71.154,outputs/experiments/20260318_102137_ptb_ws124_rd64_md240,experiments,complete,true,keep_referenced
outputs/experiments/20260318_124011_ptb_ws124_rd64_md240_seed1/checkpoints/grassmann_best.pt,71.154,outputs/experiments/20260318_124011_ptb_ws124_rd64_md240_seed1,experiments,complete,true,keep_referenced
outputs/experiments/20260318_125411_ptb_ws124_rd64_md240_seed2/checkpoints/grassmann_best.pt,71.154,outputs/experiments/20260318_125411_ptb_ws124_rd64_md240_seed2,experiments,complete,true,keep_referenced
outputs/experiments/20260318_144738_tinystories_transformer_smoketest_100k/checkpoints/transformer_best.pt,67.434,outputs/experiments/20260318_144738_tinystories_transformer_smoketest_100k,experiments,complete,true,keep_referenced
outputs/experiments/20260318_150354_tinystories_ws124_rd64_md240_300k/checkpoints/grassmann_best.pt,71.154,outputs/experiments/20260318_150354_tinystories_ws124_rd64_md240_300k,experiments,complete,true,keep_referenced
outputs/experiments/20260318_175935_tinystories_ws124_rd64_md240_100k/checkpoints/grassmann_best.pt,71.154,outputs/experiments/20260318_175935_tinystories_ws124_rd64_md240_100k,experiments,complete,true,keep_referenced
outputs/experiments/20260318_191138_tinystories_transformer_300k/checkpoints/transformer_best.pt,67.434,outputs/experiments/20260318_191138_tinystories_transformer_300k,experiments,complete,true,keep_referenced
outputs/experiments/20260318_201725_tinystories_transformer_100k_split3/checkpoints/transformer_best.pt,67.434,outputs/experiments/20260318_201725_tinystories_transformer_100k_split3,experiments,complete,true,keep_referenced
outputs/experiments/20260318_203245_tinystories_ws124_rd64_md240_100k_split3/checkpoints/grassmann_best.pt,71.154,outputs/experiments/20260318_203245_tinystories_ws124_rd64_md240_100k_split3,experiments,complete,true,keep_referenced
outputs/experiments/20260318_214851_tinystories_transformer_300k_split3/checkpoints/transformer_best.pt,67.434,outputs/experiments/20260318_214851_tinystories_transformer_300k_split3,experiments,complete,true,keep_referenced
outputs/experiments/20260318_222329_tinystories_ws124_rd64_md240_300k_split3/checkpoints/grassmann_best.pt,71.154,outputs/experiments/20260318_222329_tinystories_ws124_rd64_md240_300k_split3,experiments,complete,true,keep_referenced
outputs/experiments/20260319_010013_tinystories_transformer_300k_e10_split3/checkpoints/transformer_best.pt,67.434,outputs/experiments/20260319_010013_tinystories_transformer_300k_e10_split3,experiments,complete,true,keep_referenced
outputs/experiments/20260319_020425_tinystories_ws124_rd64_md240_300k_e10_split3/checkpoints/grassmann_best.pt,71.154,outputs/experiments/20260319_020425_tinystories_ws124_rd64_md240_300k_e10_split3,experiments,complete,true,keep_referenced
outputs/experiments/20260321_090326_tinystories_ws12_rd64_md240_300k_e10_split3/checkpoints/grassmann_best.pt,71.153,outputs/experiments/20260321_090326_tinystories_ws12_rd64_md240_300k_e10_split3,experiments,complete,true,keep_referenced
outputs/experiments/20260322_094948_tinystories_ws124_rd64_md240_300k_e20_split3/checkpoints/grassmann_best.pt,71.153,outputs/experiments/20260322_094948_tinystories_ws124_rd64_md240_300k_e20_split3,experiments,complete,true,keep_referenced
outputs/experiments/20260322_095111_tinystories_transformer_300k_e20_split3/checkpoints/transformer_best.pt,67.434,outputs/experiments/20260322_095111_tinystories_transformer_300k_e20_split3,experiments,complete,true,keep_referenced
outputs/experiments/20260322_143848_tinystories_ws1248_rd64_md240_300k_e10_split3/checkpoints/grassmann_best.pt,71.153,outputs/experiments/20260322_143848_tinystories_ws1248_rd64_md240_300k_e10_split3,experiments,complete,true,keep_referenced
outputs/experiments/20260323_041105_tinystories_ws124_rd64_md240_300k_e20_bs16_split3/checkpoints/grassmann_best.pt,71.153,outputs/experiments/20260323_041105_tinystories_ws124_rd64_md240_300k_e20_bs16_split3,experiments,complete,true,keep_referenced
outputs/experiments/20260323_041117_tinystories_ws1248_rd64_md240_300k_e20_bs32_split3/checkpoints/grassmann_best.pt,71.153,outputs/experiments/20260323_041117_tinystories_ws1248_rd64_md240_300k_e20_bs32_split3,experiments,complete,true,keep_referenced
outputs/experiments/20260323_041127_tinystories_ws1248_rd64_md240_300k_e20_bs16_split3/checkpoints/grassmann_best.pt,71.153,outputs/experiments/20260323_041127_tinystories_ws1248_rd64_md240_300k_e20_bs16_split3,experiments,complete,true,keep_referenced
outputs/experiments/20260328_123001_ptb_baseline_grassmann_sanity_240x64/checkpoints/grassmann_best.pt,71.153,outputs/experiments/20260328_123001_ptb_baseline_grassmann_sanity_240x64,experiments,complete,true,keep_referenced
outputs/experiments/20260413_091432_ptb_grassmann_l6_stage1_kd000_e6_seed792_as_init/checkpoints/grassmann_best.pt,63.078,outputs/experiments/20260413_091432_ptb_grassmann_l6_stage1_kd000_e6_seed792_as_init,experiments,complete,true,keep_referenced
outputs/experiments/20260413_091432_ptb_grassmann_l6_stage1_kd005_e6_seed792_as_init/checkpoints/grassmann_best.pt,63.078,outputs/experiments/20260413_091432_ptb_grassmann_l6_stage1_kd005_e6_seed792_as_init,experiments,complete,true,keep_referenced
outputs/experiments/20260529_034347_code_grassmann_224x56/checkpoints/grassmann_best.pt,63.079,outputs/experiments/20260529_034347_code_grassmann_224x56,experiments,complete,true,keep_referenced
outputs/experiments/20260529_034347_code_transformer_224x8/checkpoints/transformer_best.pt,57.039,outputs/experiments/20260529_034347_code_transformer_224x8,experiments,complete,true,keep_referenced
outputs/hybrid_experiments/20260328_062400_ptb_hybrid_alpha_smoke/checkpoints/hybrid_best.pt,138.590,outputs/hybrid_experiments/20260328_062400_ptb_hybrid_alpha_smoke,hybrid_experiments,complete,true,keep_referenced
outputs/hybrid_experiments/20260328_063500_ptb_hybrid_alpha_joint/checkpoints/hybrid_best.pt,138.590,outputs/hybrid_experiments/20260328_063500_ptb_hybrid_alpha_joint,hybrid_experiments,complete,true,keep_referenced
outputs/hybrid_experiments/20260328_064649_ptb_hybrid_alpha_joint_e20/checkpoints/hybrid_best.pt,138.590,outputs/hybrid_experiments/20260328_064649_ptb_hybrid_alpha_joint_e20,hybrid_experiments,complete,true,keep_referenced
outputs/hybrid_experiments/20260328_080104_wt2_hybrid_alpha_joint/checkpoints/hybrid_best.pt,144.254,outputs/hybrid_experiments/20260328_080104_wt2_hybrid_alpha_joint,hybrid_experiments,complete,true,keep_referenced
outputs/hybrid_experiments/20260328_084319_wt2_v1_hybrid_alpha_only/checkpoints/hybrid_best.pt,144.256,outputs/hybrid_experiments/20260328_084319_wt2_v1_hybrid_alpha_only,hybrid_experiments,complete,true,keep_referenced
outputs/hybrid_experiments/20260328_091251_ptb_layerwise_alpha_only/checkpoints/hybrid_best.pt,138.590,outputs/hybrid_experiments/20260328_091251_ptb_layerwise_alpha_only,hybrid_experiments,complete,true,keep_referenced
outputs/hybrid_experiments/20260328_091458_ptb_layerwise_alpha_joint/checkpoints/hybrid_best.pt,138.590,outputs/hybrid_experiments/20260328_091458_ptb_layerwise_alpha_joint,hybrid_experiments,complete,true,keep_referenced
outputs/hybrid_experiments/20260328_093536_ptb_layerwise_alpha_only_samecfg/checkpoints/hybrid_best.pt,135.023,outputs/hybrid_experiments/20260328_093536_ptb_layerwise_alpha_only_samecfg,hybrid_experiments,complete,true,keep_referenced
outputs/hybrid_experiments/20260328_093917_ptb_layerwise_alpha_joint_samecfg/checkpoints/hybrid_best.pt,135.023,outputs/hybrid_experiments/20260328_093917_ptb_layerwise_alpha_joint_samecfg,hybrid_experiments,complete,true,keep_referenced
outputs/hybrid_experiments/20260328_095742_ptb_latefusion_last1_alpha_only/checkpoints/hybrid_best.pt,138.590,outputs/hybrid_experiments/20260328_095742_ptb_latefusion_last1_alpha_only,hybrid_experiments,complete,true,keep_referenced
outputs/hybrid_experiments/20260328_095917_ptb_latefusion_last1_joint/checkpoints/hybrid_best.pt,138.590,outputs/hybrid_experiments/20260328_095917_ptb_latefusion_last1_joint,hybrid_experiments,complete,true,keep_referenced
outputs/hybrid_experiments/20260328_100938_ptb_latefusion_last2_joint/checkpoints/hybrid_best.pt,138.590,outputs/hybrid_experiments/20260328_100938_ptb_latefusion_last2_joint,hybrid_experiments,complete,true,keep_referenced
outputs/hybrid_experiments/20260328_141004_ptb_hybrid_lite_baseline_mild/checkpoints/hybrid_best.pt,120.121,outputs/hybrid_experiments/20260328_141004_ptb_hybrid_lite_baseline_mild,hybrid_experiments,complete,true,keep_referenced
outputs/hybrid_experiments/20260328_141909_ptb_hybrid_lite_baseline_balanced/checkpoints/hybrid_best.pt,98.014,outputs/hybrid_experiments/20260328_141909_ptb_hybrid_lite_baseline_balanced,hybrid_experiments,complete,true,keep_referenced
outputs/hybrid_experiments/20260328_142654_ptb_hybrid_lite_baseline_mild_e20/checkpoints/hybrid_best.pt,120.121,outputs/hybrid_experiments/20260328_142654_ptb_hybrid_lite_baseline_mild_e20,hybrid_experiments,complete,true,keep_referenced
outputs/hybrid_experiments/20260402_114602_ptb_hybrid_lite_baseline_224x56_l4_e20/checkpoints/hybrid_best.pt,108.858,outputs/hybrid_experiments/20260402_114602_ptb_hybrid_lite_baseline_224x56_l4_e20,hybrid_experiments,complete,true,keep_referenced
outputs/hybrid_experiments/20260402_120905_ptb_hybrid_lite_baseline_192x48_e20/checkpoints/hybrid_best.pt,98.014,outputs/hybrid_experiments/20260402_120905_ptb_hybrid_lite_baseline_192x48_e20,hybrid_experiments,complete,true,keep_referenced
outputs/hybrid_experiments/20260402_130614_ptb_hybrid_lite_baseline_192x48_l4_e20/checkpoints/hybrid_best.pt,90.009,outputs/hybrid_experiments/20260402_130614_ptb_hybrid_lite_baseline_192x48_l4_e20,hybrid_experiments,complete,true,keep_referenced
outputs/hybrid_experiments/20260402_140126_ptb_hybrid_lite_baseline_224x56_l6_seed123_e20/checkpoints/hybrid_best.pt,120.121,outputs/hybrid_experiments/20260402_140126_ptb_hybrid_lite_baseline_224x56_l6_seed123_e20,hybrid_experiments,complete,true,keep_referenced
outputs/hybrid_experiments/20260402_140326_ptb_hybrid_lite_baseline_224x56_l6_seed456_e20/checkpoints/hybrid_best.pt,120.121,outputs/hybrid_experiments/20260402_140326_ptb_hybrid_lite_baseline_224x56_l6_seed456_e20,hybrid_experiments,complete,true,keep_referenced
outputs/hybrid_experiments/20260402_140739_ptb_hybrid_lite_baseline_192x48_l4_seed123_e20/checkpoints/hybrid_best.pt,90.009,outputs/hybrid_experiments/20260402_140739_ptb_hybrid_lite_baseline_192x48_l4_seed123_e20,hybrid_experiments,complete,true,keep_referenced
outputs/hybrid_experiments/20260402_143306_ptb_hybrid_lite_baseline_192x48_l4_seed456_e20/checkpoints/hybrid_best.pt,90.009,outputs/hybrid_experiments/20260402_143306_ptb_hybrid_lite_baseline_192x48_l4_seed456_e20,hybrid_experiments,complete,true,keep_referenced
outputs/hybrid_experiments/20260413_080322_smoke_ptb_l6_twostage_stage1_kd005_as_init/checkpoints/hybrid_best.pt,120.121,outputs/hybrid_experiments/20260413_080322_smoke_ptb_l6_twostage_stage1_kd005_as_init,hybrid_experiments,complete,true,keep_referenced
outputs/hybrid_experiments/20260413_080613_ptb_hybrid_lite_warmstart_l6_stage1_kd005_e6_as_init/checkpoints/hybrid_best.pt,120.121,outputs/hybrid_experiments/20260413_080613_ptb_hybrid_lite_warmstart_l6_stage1_kd005_e6_as_init,hybrid_experiments,complete,true,keep_referenced
outputs/hybrid_experiments/20260413_084505_ptb_hybrid_lite_warmstart_l6_stage1_kd005_e6_seed123_as_init/checkpoints/hybrid_best.pt,120.121,outputs/hybrid_experiments/20260413_084505_ptb_hybrid_lite_warmstart_l6_stage1_kd005_e6_seed123_as_init,hybrid_experiments,complete,true,keep_referenced
outputs/hybrid_experiments/20260413_084505_ptb_hybrid_lite_warmstart_l6_stage1_kd005_e6_seed456_as_init/checkpoints/hybrid_best.pt,120.121,outputs/hybrid_experiments/20260413_084505_ptb_hybrid_lite_warmstart_l6_stage1_kd005_e6_seed456_as_init,hybrid_experiments,complete,true,keep_referenced
outputs/hybrid_experiments/20260515_004119_wt2_hybrid_lite_baseline_224x56_l6_e20/checkpoints/hybrid_best.pt,120.121,outputs/hybrid_experiments/20260515_004119_wt2_hybrid_lite_baseline_224x56_l6_e20,hybrid_experiments,complete,true,keep_referenced
outputs/hybrid_experiments/20260515_022710_ts_latefusion_last1_joint_e10/checkpoints/hybrid_best.pt,138.590,outputs/hybrid_experiments/20260515_022710_ts_latefusion_last1_joint_e10,hybrid_experiments,complete,true,keep_referenced
outputs/hybrid_experiments/20260515_031101_ts_hybrid_lite_baseline_224x56_l6_e20/checkpoints/hybrid_best.pt,120.121,outputs/hybrid_experiments/20260515_031101_ts_hybrid_lite_baseline_224x56_l6_e20,hybrid_experiments,complete,true,keep_referenced
outputs/hybrid_experiments/20260527_072902_code_latefusion_teacher_joint/checkpoints/hybrid_best.pt,138.590,outputs/hybrid_experiments/20260527_072902_code_latefusion_teacher_joint,hybrid_experiments,config_only,false,archive_candidate_incomplete
outputs/hybrid_experiments/20260527_074051_code_hybrid_lite_baseline_ce_scratch/checkpoints/hybrid_best.pt,120.121,outputs/hybrid_experiments/20260527_074051_code_hybrid_lite_baseline_ce_scratch,hybrid_experiments,config_only,false,archive_candidate_incomplete
outputs/hybrid_experiments/20260527_074112_code_latefusion_teacher_joint/checkpoints/hybrid_best.pt,138.590,outputs/hybrid_experiments/20260527_074112_code_latefusion_teacher_joint,hybrid_experiments,complete,true,keep_referenced
outputs/hybrid_experiments/20260527_074223_code_hybrid_lite_baseline_ce_scratch/checkpoints/hybrid_best.pt,120.121,outputs/hybrid_experiments/20260527_074223_code_hybrid_lite_baseline_ce_scratch,hybrid_experiments,config_only,false,archive_candidate_incomplete
outputs/hybrid_experiments/20260527_074231_code_latefusion_teacher_joint/checkpoints/hybrid_best.pt,138.590,outputs/hybrid_experiments/20260527_074231_code_latefusion_teacher_joint,hybrid_experiments,complete,true,keep_referenced
outputs/hybrid_experiments/20260527_074518_code_hybrid_lite_baseline_ce_scratch/checkpoints/hybrid_best.pt,120.121,outputs/hybrid_experiments/20260527_074518_code_hybrid_lite_baseline_ce_scratch,hybrid_experiments,complete,true,keep_referenced
outputs/hybrid_experiments/20260529_120718_code_teacher_last1_joint/checkpoints/hybrid_best.pt,120.121,outputs/hybrid_experiments/20260529_120718_code_teacher_last1_joint,hybrid_experiments,complete,true,keep_referenced
outputs/hybrid_experiments/20260601_024109_ptb_r32_baseline/checkpoints/hybrid_best.pt,114.549,outputs/hybrid_experiments/20260601_024109_ptb_r32_baseline,hybrid_experiments,complete,true,keep_referenced
outputs/subspace_analysis/20260525_104524_subspace_ce_scratch/best.pt,63.072,outputs/subspace_analysis/20260525_104524_subspace_ce_scratch,subspace_analysis,incomplete,false,archive_candidate_incomplete
outputs/subspace_analysis/20260525_104703_subspace_ce_scratch/best.pt,63.072,outputs/subspace_analysis/20260525_104703_subspace_ce_scratch,subspace_analysis,incomplete,false,archive_candidate_incomplete
outputs/subspace_analysis/20260525_104705_subspace_kd_scratch/best.pt,63.072,outputs/subspace_analysis/20260525_104705_subspace_kd_scratch,subspace_analysis,incomplete,false,archive_candidate_incomplete
outputs/subspace_analysis/20260525_104705_subspace_kd_warmstart/best.pt,63.072,outputs/subspace_analysis/20260525_104705_subspace_kd_warmstart,subspace_analysis,incomplete,false,archive_candidate_incomplete
outputs/subspace_analysis/20260525_121504_subspace_ce_scratch/best.pt,63.072,outputs/subspace_analysis/20260525_121504_subspace_ce_scratch,subspace_analysis,incomplete,false,archive_candidate_incomplete
outputs/subspace_analysis/20260525_121509_subspace_kd_scratch/best.pt,63.072,outputs/subspace_analysis/20260525_121509_subspace_kd_scratch,subspace_analysis,incomplete,false,archive_candidate_incomplete
outputs/subspace_analysis/20260525_121509_subspace_kd_warmstart/best.pt,63.072,outputs/subspace_analysis/20260525_121509_subspace_kd_warmstart,subspace_analysis,incomplete,false,archive_candidate_incomplete
outputs/transformer_experiments/20260413_085953_ptb_transformer_l6_stage1_kd005_e1_seed790_smoke_g2_as_init/checkpoints/transformer_best.pt,57.038,outputs/transformer_experiments/20260413_085953_ptb_transformer_l6_stage1_kd005_e1_seed790_smoke_g2_as_init,transformer_experiments,complete,true,keep_referenced
outputs/transformer_experiments/20260413_090220_ptb_transformer_l6_stage1_kd000_e6_seed790_as_init/checkpoints/transformer_best.pt,57.038,outputs/transformer_experiments/20260413_090220_ptb_transformer_l6_stage1_kd000_e6_seed790_as_init,transformer_experiments,complete,true,keep_referenced
outputs/transformer_experiments/20260413_090221_ptb_transformer_l6_stage1_kd005_e6_seed790_as_init/checkpoints/transformer_best.pt,57.038,outputs/transformer_experiments/20260413_090221_ptb_transformer_l6_stage1_kd005_e6_seed790_as_init,transformer_experiments,complete,true,keep_referenced
outputs/wikitext2_reproduction/grassmann_best.pt,67.586,outputs/wikitext2_reproduction,wikitext2_reproduction,incomplete,false,archive_candidate_incomplete
outputs/wikitext2_reproduction/transformer_best.pt,67.434,outputs/wikitext2_reproduction,wikitext2_reproduction,incomplete,false,archive_candidate_incomplete
