Seed,Arm,Teacher condition,Alpha,Lambda,Student S0 hash,Teacher validation NLL,C0 validation-subset NLL,Delta_teacher,Residual classification,Best epoch,Val NLL,Test NLL,Test PPL,Delta_KD,D,CE loss epoch1,KD loss epoch1,Weighted KD epoch1,Initial teacher-student KL T1,Initial teacher-student KL T2,Initial CE logit-grad norm,Initial KD logit-grad norm,Initial CE-KD cosine,Initial negative cosine fraction,Total parameter-grad norm epoch1,Clip fraction epoch1,AMP overflow fraction epoch1,Nonfinite fraction epoch1,Run directory,Student checkpoint SHA256,Status
42,C0,WS+CE,0.5,0.0,9e1b4f18f2873c9203b7cf8e7bc5750c272a399ca43d64e3f77adfb8868debef,4.30064582824707,4.385544027451994,0.08489819920492359,good,1,4.383153787414674,4.270742368824378,71.57475280761719,0.0,,3.738125218296753,1.0153637033419411,0.0,0.5346212387084961,0.2841937839984894,0.8023368716239929,0.11548444628715515,-0.07399946451187134,0.40209099264705883,0.6536215172738445,0.003401360544217687,0.0,0.0,outputs/distill_experiments/20260921_134300_phase2b_wt2_c0_ws_ce_a05,c0d373bd928c079938e4410cbd58121b916c363a3ec6e7903b7bf429514fb8a3,COMPLETE
42,C1,T_a05,0.5,5.0,9e1b4f18f2873c9203b7cf8e7bc5750c272a399ca43d64e3f77adfb8868debef,4.30064582824707,4.385544027451994,0.08489819920492359,good,9,4.2166855121115985,4.108241164147696,60.8396110534668,0.1625012046766825,0.11573057772307305,3.8900789793067196,0.5088797709888226,2.544398854944113,0.5346212387084961,0.2841937839984894,0.8023368716239929,0.11548444628715515,-0.07399946451187134,0.40209099264705883,1.3735538675867278,0.5476190476190477,0.013605442176870748,0.013605442176870748,outputs/distill_experiments/20260921_134302_phase2b_wt2_c1_good_a05,a1b50e04cd58bfe0492af8f33d98ec8429296468be444fc4bad994a9190cb309,COMPLETE
42,C3,T_a00,0.0,5.0,9e1b4f18f2873c9203b7cf8e7bc5750c272a399ca43d64e3f77adfb8868debef,4.652063846588135,4.385544027451994,-0.26651981913614087,bad,8,4.340190388480301,4.223971741870769,68.30423736572266,0.04677062695360945,0.11573057772307305,3.961558790549577,0.728422897979768,3.64211448989884,0.7994091510772705,0.36090096831321716,0.8023368716239929,0.11893194913864136,-0.07219915837049484,0.4333180147058823,1.4171592539754407,0.5850340136054422,0.013605442176870748,0.013605442176870748,outputs/distill_experiments/20260922_001717_phase2b_wt2_c3_bad_a00,229a9abb4aacdb39722e70ef8087a33eabf724a876556711811f4f707305fd61,COMPLETE
123,C0,WS+CE,0.5,0.0,a44b64ba5a84d3bd2708a96aad4eae829ff7ab0f00476f0e31146fc314da1f13,4.30064582824707,4.398571805445925,0.09792597719885432,good,1,4.3988580482398225,4.277519859472209,72.06148529052734,0.0,,3.909032584024729,0.9451385599576229,0.0,0.47494637966156006,0.26465147733688354,0.8048255443572998,0.09989980608224869,-0.0526319220662117,0.4025122549019608,0.6007958243087846,0.003401360544217687,0.0,0.0,outputs/distill_experiments/20260922_075358_phase2c_wt2_c0_seed123,c24ff7eb22b6fc45fddbb54dd8bc2a1d09aa75ccd0a304d3310304362f96bc23,COMPLETE
123,C1,T_a05,0.5,5.0,a44b64ba5a84d3bd2708a96aad4eae829ff7ab0f00476f0e31146fc314da1f13,4.30064582824707,4.398571805445925,0.09792597719885432,good,10,4.242981466106642,4.130183202233445,62.18931579589844,0.147336657238764,0.11373895980148152,4.0234445141683395,0.49906266001905636,2.495313300095282,0.47494637966156006,0.26465147733688354,0.8048255443572998,0.09989980608224869,-0.0526319220662117,0.4025122549019608,1.2318262618163536,0.3673469387755102,0.013605442176870748,0.013605442176870748,outputs/distill_experiments/20260922_075357_phase2c_wt2_c1_a05_seed123,eb773caf44b4f03b4d6b626de06f0e9d8b7869f04a0c00094e909ea12567ead4,COMPLETE
123,C3,T_a00,0.0,5.0,a44b64ba5a84d3bd2708a96aad4eae829ff7ab0f00476f0e31146fc314da1f13,4.652063846588135,4.398571805445925,-0.25349204114221013,bad,9,4.362902694705998,4.243922162034926,69.68061828613281,0.03359769743728247,0.11373895980148152,4.085523334415321,0.7203557119972989,3.6017785599864944,0.7405908703804016,0.34052416682243347,0.8048255443572998,0.10554202646017075,-0.05496658384799957,0.44467677696078434,1.303303450962593,0.46258503401360546,0.013605442176870748,0.013605442176870748,outputs/distill_experiments/20260922_075357_phase2c_wt2_c3_a00_seed123,d96ba3d8ac33745e782029dd2499f645c72a9d34b445b9f8b011d87e185e93c3,COMPLETE
456,C0,WS+CE,0.5,0.0,3fbe985d6474c84d1c61fd7937ea906102cf460846829eb3af4c709593b01757,4.30064582824707,4.4010577654192735,0.1004119371722032,good,1,4.40335239676005,4.280830109319325,72.3004150390625,0.0,,3.8244258616191513,0.9912603925967194,0.0,0.5062003135681152,0.2813694477081299,0.804199755191803,0.1107824519276619,-0.05933393910527229,0.4009267769607843,0.6249656561686068,0.003401360544217687,0.0,0.0,outputs/distill_experiments/20260922_082240_phase2c_wt2_c0_seed456,d3296ec59c1a970a5f710003d13d43b13c04de79d4bdde4e22407bc2c4287773,COMPLETE
456,C1,T_a05,0.5,5.0,3fbe985d6474c84d1c61fd7937ea906102cf460846829eb3af4c709593b01757,4.30064582824707,4.4010577654192735,0.1004119371722032,good,10,4.235441808382991,4.123672851501896,61.785762786865234,0.1571572578174294,0.11455346037619751,3.9574242929289216,0.5069709158278005,2.5348545791390027,0.5062003135681152,0.2813694477081299,0.804199755191803,0.1107824519276619,-0.05933393910527229,0.4009267769607843,1.3033922598279755,0.37755102040816324,0.013605442176870748,0.013605442176870748,outputs/distill_experiments/20260922_082241_phase2c_wt2_c1_a05_seed456,6ccd5f561265a56febf917053202643872734e98f764ad1544fd76ce4e063b52,COMPLETE
456,C3,T_a00,0.0,5.0,3fbe985d6474c84d1c61fd7937ea906102cf460846829eb3af4c709593b01757,4.652063846588135,4.4010577654192735,-0.25100608116886125,bad,10,4.357367806670403,4.238226311878093,69.28485870361328,0.04260379744123188,0.11455346037619751,4.023305137905565,0.725555802766849,3.6277790138342447,0.7741251587867737,0.35776206851005554,0.804199755191803,0.1156960129737854,-0.06056749448180199,0.4394607843137255,1.370018960484143,0.4965986394557823,0.013605442176870748,0.013605442176870748,outputs/distill_experiments/20260922_082241_phase2c_wt2_c3_a00_seed456,8a3b97864b57b000d9854f0c2ecbb07681ef155845ab42367a8a20e1fa436028,COMPLETE
