student_seed,alpha,group_type,group_value,count,fraction_teacher_higher_gold,mean_teacher_gold_advantage,positive_utility_mass,negative_utility_mass_abs,teacher_accuracy,student_accuracy,rescue_rate,harm_rate
42,0.5,student_loss_quintile,Q1,26112,0.1332720588235294,-0.12510656665732062,272.21722126601526,3538.999889821971,0.9809283088235294,1.0,nan,0.01907169117647059
42,0.5,student_loss_quintile,Q2,26112,0.42715992647058826,-0.3089099175709884,5161.77066513896,13228.02643275261,0.583984375,0.6082643995098039,0.3309218887476782,0.25303783919914374
42,0.5,student_loss_quintile,Q3,26112,0.5121783088235294,-0.27871761611644547,11141.908776044846,18419.78316807747,0.10010723039215687,0.036841299019607844,0.09021868787276342,0.6413721413721414
42,0.5,student_loss_quintile,Q4,26112,0.6067708333333334,0.23693574796996864,15784.192142009735,9597.325891017914,0.008386948529411764,0.0,0.008386948529411764,nan
42,0.5,student_loss_quintile,Q5,26112,0.7443704044117647,0.8031566297891093,25726.170124530792,4754.14420747757,0.00022977941176470588,0.0,0.00022977941176470588,nan
42,0.5,student_top1,correct,42957,0.22806527457690248,-0.25939987480822135,2828.2311161517937,13971.271538288558,0.8804851362990898,1.0,nan,0.11951486370091022
42,0.5,student_top1,incorrect,87603,0.6106183578187961,0.2247756328205607,55258.027812838554,35567.008050858974,0.06710957387304088,0.0,0.06710957387304088,nan
42,0.3,student_loss_quintile,Q1,26112,0.1560968137254902,-0.12651201110450913,328.62274486722526,3632.1043788281677,0.9777879901960784,1.0,nan,0.02221200980392157
42,0.3,student_loss_quintile,Q2,26112,0.4317172181372549,-0.3476454599135026,5365.022406518459,14442.740655779839,0.5689338235294118,0.6082643995098039,0.3256427803304331,0.27438141409053707
42,0.3,student_loss_quintile,Q3,26112,0.48165594362745096,-0.3900951133063976,10572.976477980614,20759.140076637268,0.09413296568627451,0.036841299019607844,0.08576540755467196,0.6871101871101871
42,0.3,student_loss_quintile,Q4,26112,0.5607766544117647,0.1056191499947625,14460.5291390419,11702.601894378662,0.007621017156862745,0.0,0.007621017156862745,nan
42,0.3,student_loss_quintile,Q5,26112,0.6994868259803921,0.663125221142728,23611.730933189392,6296.20515871048,0.0002680759803921569,0.0,0.0002680759803921569,nan
42,0.3,student_top1,correct,42957,0.24457015154689574,-0.2776132720669797,2989.880260327478,14915.313588508725,0.869660358032451,1.0,nan,0.13033964196754894
42,0.3,student_top1,incorrect,87603,0.5745008732577651,0.10766209907702272,51349.00144127011,41917.47857582569,0.06499777404883395,0.0,0.06499777404883395,nan
42,0.0,student_loss_quintile,Q1,26112,0.16659007352941177,-0.18822933736706832,385.1810813052034,5300.225538634091,0.9644990808823529,1.0,nan,0.03550091911764706
42,0.0,student_loss_quintile,Q2,26112,0.3991268382352941,-0.5457355425403198,5358.945403903723,19609.191890716553,0.5152420343137255,0.6082643995098039,0.3043308241274807,0.3489265252156394
42,0.0,student_loss_quintile,Q3,26112,0.4085094975490196,-0.7136205498622182,9498.18936252594,28132.249160528183,0.08363970588235294,0.036841299019607844,0.07761431411530816,0.7588357588357588
42,0.0,student_loss_quintile,Q4,26112,0.4560738357843137,-0.25576440904143394,12376.676549911499,19055.196798801422,0.006931678921568627,0.0,0.006931678921568627,nan
42,0.0,student_loss_quintile,Q5,26112,0.5746400122549019,0.27361982967704535,19636.162276744843,12491.401284217834,0.0002680759803921569,0.0,0.0002680759803921569,nan
42,0.0,student_top1,correct,42957,0.23928579742533232,-0.39877528311804816,3024.82615135139,20155.015988253384,0.8324138091579952,1.0,nan,0.1675861908420048
42,0.0,student_top1,incorrect,87603,0.4802803556955812,-0.23061904457158866,44230.32852303982,64433.2486846447,0.05996369987329201,0.0,0.05996369987329201,nan
123,0.5,student_loss_quintile,Q1,26112,0.17719822303921567,-0.10040629662183921,412.2264167983594,3034.035634187825,0.9819240196078431,1.0,nan,0.018075980392156864
123,0.5,student_loss_quintile,Q2,26112,0.4868642769607843,-0.18885502394165515,6014.629583030939,10946.011968195438,0.5858226102941176,0.5931755514705882,0.32448460886755154,0.23494092581832268
123,0.5,student_loss_quintile,Q3,26112,0.5308670343137255,-0.2543129731407937,11336.740992069244,17977.36134672165,0.09892003676470588,0.03856464460784314,0.0866759609639514,0.5958291956305859
123,0.5,student_loss_quintile,Q4,26112,0.6183363970588235,0.24864083059205144,15604.738957881927,9112.22958946228,0.006740196078431373,0.0,0.006740196078431373,nan
123,0.5,student_loss_quintile,Q5,26112,0.7262561274509803,0.6860881290928114,22942.67964076996,5027.546413898468,0.00022977941176470588,0.0,0.00022977941176470588,nan
123,0.5,student_top1,correct,42608,0.2824117536612843,-0.18464758972041634,3588.4567561466756,11455.921258954175,0.8894339091250469,1.0,nan,0.11056609087495306
123,0.5,student_top1,incorrect,87952,0.6171434418773877,0.20558139827283367,52722.55883440375,34641.263693511486,0.06600191013279971,0.0,0.06600191013279971,nan
123,0.3,student_loss_quintile,Q1,26112,0.20166973039215685,-0.10226349480829296,485.5896513928237,3155.8940278269692,0.9793581495098039,1.0,nan,0.020641850490196078
123,0.3,student_loss_quintile,Q2,26112,0.4877450980392157,-0.2285986191332888,6240.803399324417,12209.970542132854,0.5708486519607843,0.5931755514705882,0.31704791490162854,0.25508425334108076
123,0.3,student_loss_quintile,Q3,26112,0.49329810049019607,-0.3686511745384219,10749.007470369339,20375.22693991661,0.09145220588235294,0.03856464460784314,0.08050189205337582,0.6355511420059583
123,0.3,student_loss_quintile,Q4,26112,0.5676317401960784,0.11783338276048501,14376.136454105377,11299.271163463593,0.006855085784313725,0.0,0.006855085784313725,nan
123,0.3,student_loss_quintile,Q5,26112,0.6731387867647058,0.5499680814260215,21022.974989652634,6662.20844745636,0.00022977941176470588,0.0,0.00022977941176470588,nan
123,0.3,student_top1,correct,42608,0.2979722117912129,-0.20323149557067116,3806.6183875669303,12465.905950842087,0.879600075103267,1.0,nan,0.12039992489673301
123,0.3,student_top1,incorrect,87952,0.5751546297980716,0.08903979906452793,49067.89357727766,41236.6651699543,0.06337547753319993,0.0,0.06337547753319993,nan
123,0.0,student_loss_quintile,Q1,26112,0.20561427696078433,-0.16341129406442684,542.9667775599191,4809.962488170233,0.9658394607843137,1.0,nan,0.03416053921568627
123,0.0,student_loss_quintile,Q2,26112,0.4368489583333333,-0.4290085034650367,6134.402617990971,17336.67266047001,0.5152037377450981,0.5931755514705882,0.29473783300385953,0.33359158112208664
123,0.0,student_loss_quintile,Q3,26112,0.4142922794117647,-0.6961223447202322,9749.717707157135,27926.864372491837,0.0822610294117647,0.03856464460784314,0.07440748854809799,0.7219463753723933
123,0.0,student_loss_quintile,Q4,26112,0.4603247549019608,-0.24336244486381903,12476.073001146317,18830.75316143036,0.006855085784313725,0.0,0.006855085784313725,nan
123,0.0,student_loss_quintile,Q5,26112,0.5459558823529411,0.1659709664116449,17542.149698495865,13208.315823554993,0.0004212622549019608,0.0,0.0004212622549019608,nan
123,0.0,student_top1,correct,42608,0.2822709350356741,-0.32424831090033035,3795.0644952027033,17610.636526043978,0.8407341344348479,1.0,nan,0.15926586556515207
123,0.0,student_top1,incorrect,87952,0.4757481353465527,-0.24845013954118098,42650.2453071475,64501.93198007345,0.058998089867200294,0.0,0.058998089867200294,nan
456,0.5,student_loss_quintile,Q1,26112,0.17122395833333334,-0.10771471832760891,390.4891432750228,3203.1358682455466,0.9813112745098039,1.0,nan,0.018688725490196078
456,0.5,student_loss_quintile,Q2,26112,0.4671032475490196,-0.23356824943238833,5883.609234333038,11982.543363511562,0.5818014705882353,0.5983072916666666,0.32834397940699783,0.24803174806375217
456,0.5,student_loss_quintile,Q3,26112,0.5296415441176471,-0.24688598278946444,11624.839394807816,18071.52617740631,0.10240502450980392,0.03680300245098039,0.09291877062542245,0.6493236212278877
456,0.5,student_loss_quintile,Q4,26112,0.6119408700980392,0.2577982646705327,16122.077856302261,9390.449569225311,0.007735906862745098,0.0,0.007735906862745098,nan
456,0.5,student_loss_quintile,Q5,26112,0.7296645220588235,0.7295819829656359,24167.673387765884,5116.8286485672,0.0003829656862745098,0.0,0.0003829656862745098,nan
456,0.5,student_top1,correct,42696,0.27002529510961215,-0.21297854839354283,3406.390963279009,12499.723065489714,0.883197489226157,1.0,nan,0.11680251077384299
456,0.5,student_top1,incorrect,87864,0.6145975598652463,0.2221334959908358,54782.29805320501,35264.76056146622,0.0682076846034781,0.0,0.0682076846034781,nan
456,0.3,student_loss_quintile,Q1,26112,0.19232536764705882,-0.10827660133646208,462.22730811269867,3289.5459222103964,0.9787454044117647,1.0,nan,0.021254595588235295
456,0.3,student_loss_quintile,Q2,26112,0.47185202205882354,-0.2705067157877755,6077.683512032032,13141.154874682426,0.5667892156862745,0.5983072916666666,0.32147964534274004,0.26851436983933946
456,0.3,student_loss_quintile,Q3,26112,0.49582567401960786,-0.36157554130562963,10967.90571975708,20409.36625432968,0.09643075980392157,0.03680300245098039,0.08786926961154626,0.6795005202913632
456,0.3,student_loss_quintile,Q4,26112,0.5664828431372549,0.1268685493873907,14860.343066692352,11547.551505088806,0.006510416666666667,0.0,0.006510416666666667,nan
456,0.3,student_loss_quintile,Q5,26112,0.6814491421568627,0.58983511629277,22100.734858989716,6698.960302352905,0.0002680759803921569,0.0,0.0002680759803921569,nan
456,0.3,student_top1,correct,42696,0.2856473674348885,-0.229987935114098,3618.9048284772216,13438.46970610875,0.8734541877459246,1.0,nan,0.12654581225407532
456,0.3,student_top1,incorrect,87864,0.5768005098789037,0.10472867709814249,50849.98963710666,41648.109152555466,0.06554447782937267,0.0,0.06554447782937267,nan
456,0.0,student_loss_quintile,Q1,26112,0.19914215686274508,-0.16862938285583035,529.7441941006255,4932.994639232067,0.9663373161764706,1.0,nan,0.03366268382352941
456,0.0,student_loss_quintile,Q2,26112,0.43275122549019607,-0.46512492993097826,5983.375594615936,18128.71776497364,0.5124463848039216,0.5983072916666666,0.29831251787586993,0.3437880048646227
456,0.0,student_loss_quintile,Q3,26112,0.41551776960784315,-0.6904366259810095,9839.314332485199,27867.99551010132,0.08463541666666667,0.03680300245098039,0.0781678660888235,0.7460978147762747
456,0.0,student_loss_quintile,Q4,26112,0.46530330882352944,-0.23403370369444876,12817.376762866974,18928.46483373642,0.006931678921568627,0.0,0.006931678921568627,nan
456,0.0,student_loss_quintile,Q5,26112,0.5567172181372549,0.20034765399188972,18337.88877439499,13106.410833358765,0.00022977941176470588,0.0,0.00022977941176470588,nan
456,0.0,student_top1,correct,42696,0.2754122166010868,-0.34908048431238625,3647.89519305063,18552.235551252274,0.8368231216038973,1.0,nan,0.16317687839610268
456,0.0,student_top1,incorrect,87864,0.4811754529727761,-0.2339131335329241,43859.80446541309,64412.34803014994,0.06011563325138851,0.0,0.06011563325138851,nan
