student_seed,student_state,alpha,chunks,valid_tokens,student_nll,student_top1_accuracy,teacher_nll,delta_teacher,teacher_top1_accuracy,mean_utility,median_utility,fraction_positive_utility,positive_utility_mean,negative_utility_mean,positive_utility_mass,negative_utility_mass_signed,negative_utility_mass_abs,rescue_rate,harm_rate,rescue_count,harm_count,teacher_student_kl_t1,teacher_student_kl_t2,ce_logit_grad_norm,kd_logit_grad_norm,ce_kd_cosine,negative_cosine_fraction,q01,q05,q10,q25,q50,q75,q90,q95,q99
42,S0,0.5,512,130560,4.366117517302175,0.32902113970588237,4.30064582824707,0.06547168905510503,0.33472732843137254,0.0654716554828647,-0.0019927159883081913,0.484750306372549,0.9177939125122904,-0.7363987392657689,58086.25892899035,-49538.27958914754,49538.27958914754,0.06710957387304088,0.11951486370091022,5879,5134,0.5346212387084961,0.2841937839984894,0.8023368716239929,0.11548444628715515,-0.07399946451187134,0.40209099264705883,-4.8926495170593265,-1.8880190610885619,-1.1089293241500855,-0.36058326065540314,-0.0019927159883081913,0.6503050327301025,1.453561782836914,2.019826674461364,3.3553821182251005
42,S0,0.3,512,130560,4.366117517302175,0.32902113970588237,4.385219097137451,-0.019101579835275828,0.32974877450980394,-0.01910164263738377,-0.004729025065898895,0.4659466911764706,0.8932321021402109,-0.8150875163401661,54338.88170159759,-56832.792164334416,56832.792164334416,0.06499777404883395,0.13033964196754894,5694,5599,0.5670597553253174,0.29704201221466064,0.8023368716239929,0.11587364226579666,-0.07159207761287689,0.41042432598039214,-5.229630265235901,-2.1833807349205014,-1.2915555715560914,-0.44971275329589844,-0.004729025065898895,0.5881055593490601,1.3892688989639297,1.9492016792297355,3.277603588104249
42,S0,0.0,512,130560,4.366117517302175,0.32902113970588237,4.652063846588135,-0.2859463292859594,0.3141161151960784,-0.28594600182679897,-0.03699764795601368,0.40098805147058825,0.9026255357742862,-1.0815945461774277,47255.154674391204,-84588.26467289809,84588.26467289809,0.05996369987329201,0.1675861908420048,5253,7199,0.7994091510772705,0.36090096831321716,0.8023368716239929,0.11893194913864136,-0.07219915837049484,0.4333180147058823,-6.090349221229554,-3.100683486461639,-1.9790907382965086,-0.8084231615066528,-0.03699764795601368,0.4337155818939209,1.279601812362671,1.880992317199706,3.241562116146095
123,S0,0.5,512,130560,4.378876795111292,0.3263480392156863,4.30064582824707,0.07823096686422204,0.33472732843137254,0.07823093319611495,0.0026422523660585284,0.5079044117647059,0.8491828868161182,-0.7174882479215797,56311.01559055043,-46097.18495246566,46097.18495246566,0.06600191013279971,0.11056609087495306,5805,4711,0.47494637966156006,0.26465147733688354,0.8048255443572998,0.09989980608224869,-0.0526319220662117,0.4025122549019608,-4.759056892395019,-1.794300854206085,-1.0399637699127198,-0.30970901250839233,0.0026422523660585284,0.6431518942117691,1.3871247291564943,1.9113941431045511,3.1282961535453806
123,S0,0.3,512,130560,4.378876795111292,0.3263480392156863,4.385219097137451,-0.006342302026158819,0.32974877450980394,-0.0063423648586994185,-0.003368897712789476,0.4846966911764706,0.835537940723185,-0.7982188995034987,52874.51196484459,-53702.57112079638,53702.57112079638,0.06337547753319993,0.12039992489673301,5574,5130,0.5109093189239502,0.2773350775241852,0.8048255443572998,0.10107860714197159,-0.05034392699599266,0.41345741421568627,-5.048289461135864,-2.106148815155029,-1.232708692550659,-0.40617536008358,-0.003368897712789476,0.5872397422790527,1.3283561229705811,1.8587278842926023,3.087493181228641
123,S0,0.0,512,130560,4.378876795111292,0.3263480392156863,4.652063846588135,-0.2731870514768424,0.3141161151960784,-0.2731867241403739,-0.030137768015265465,0.41260723039215685,0.8621739335873437,-1.0707076347127062,46445.30980235021,-82112.56850611744,82112.56850611744,0.058998089867200294,0.15926586556515207,5189,6786,0.7405908703804016,0.34052416682243347,0.8048255443572998,0.10554202646017075,-0.05496658384799957,0.44467677696078434,-5.9450815439224245,-3.0261709213256833,-1.9502935409545898,-0.782721757888794,-0.030137768015265465,0.44147297739982605,1.2483719348907476,1.81348602771759,3.1246179580688502
456,S0,0.5,512,130560,4.380488121310855,0.3270220588235294,4.30064582824707,0.07984229306378499,0.33472732843137254,0.07984225941734138,0.00017511725309304893,0.5019148284313726,0.8879702276283232,-0.7344992100100866,58188.68901648402,-47764.48362695593,47764.48362695593,0.0682076846034781,0.11680251077384299,5993,4987,0.5062003135681152,0.2813694477081299,0.804199755191803,0.1107824519276619,-0.05933393910527229,0.4009267769607843,-4.848886704444886,-1.8560948610305783,-1.0682682156562804,-0.3270300626754761,0.00017511725309304893,0.6642163991928101,1.4380980491638184,1.979453897476196,3.2798734903335593
456,S0,0.3,512,130560,4.380488121310855,0.3270220588235294,4.385219097137451,-0.0047309758265958735,0.32974877450980394,-0.004731038549941307,-0.003725660964846611,0.48158700980392155,0.8662907065586851,-0.8138909158675622,54468.894465583886,-55086.578858664216,55086.578858664216,0.06554447782937267,0.12654581225407532,5759,5403,0.5393818616867065,0.29392388463020325,0.804199755191803,0.11168797314167023,-0.05730310454964638,0.4107383578431373,-5.133268823623657,-2.1555203676223753,-1.2576337337493895,-0.4191756248474121,-0.003725660964846611,0.6022860705852509,1.3708113193511968,1.9165778815746295,3.1975215673446664
456,S0,0.0,512,130560,4.380488121310855,0.3270220588235294,4.652063846588135,-0.27157572527727947,0.3141161151960784,-0.2715753976940754,-0.028642765246331692,0.4138863357843137,0.8791698217603444,-1.0841925666004835,47507.69965846373,-82964.5835814022,82964.5835814022,0.06011563325138851,0.16317687839610268,5282,6967,0.7741251587867737,0.35776206851005554,0.804199755191803,0.1156960129737854,-0.06056749448180199,0.4394607843137255,-5.953241972923279,-3.0593270778656003,-1.9716989994049072,-0.7864640951156616,-0.028642765246331692,0.4549182653427124,1.2681844234466555,1.8520641088485708,3.1999953556060823
