condition_id,dataset,family,student_seed,teacher_type,teacher_run_dir,teacher_alpha_override,student_run_dir,expected_student_sha256,dataset_path,text_field,max_lines,split_seed,endpoint_source,primary
PTB_F_S42,ptb,PTB_fused,42,tg,outputs/hybrid_experiments/20260328_095917_ptb_latefusion_last1_joint,-1,outputs/hybrid_experiments/20260328_142654_ptb_hybrid_lite_baseline_mild_e20,92e332c972f56d227c576f63ca8840e262830ec0addcc245ab906ae251d7b676,/workspace/grassmannflows/datasets/ptb_text_only_saved,sentence,0,42,research/experiments/post_rejection_program/results.csv,yes
PTB_F_S123,ptb,PTB_fused,123,tg,outputs/hybrid_experiments/20260328_095917_ptb_latefusion_last1_joint,-1,outputs/hybrid_experiments/20260402_140126_ptb_hybrid_lite_baseline_224x56_l6_seed123_e20,94cb931a52eb4ff4e92a55715d61fb99c49b3a3873f9407a08fa6cc12022758e,/workspace/grassmannflows/datasets/ptb_text_only_saved,sentence,0,42,research/experiments/post_rejection_program/results.csv,yes
PTB_F_S456,ptb,PTB_fused,456,tg,outputs/hybrid_experiments/20260328_095917_ptb_latefusion_last1_joint,-1,outputs/hybrid_experiments/20260402_140326_ptb_hybrid_lite_baseline_224x56_l6_seed456_e20,97c262aa881772be31482918f5ed26952a94588138f250db6d8d6300a1a60d99,/workspace/grassmannflows/datasets/ptb_text_only_saved,sentence,0,42,research/experiments/post_rejection_program/results.csv,yes
WT2_J_S42,wikitext2,WT2_J_fused_TG,42,tg,outputs/hybrid_experiments/20260328_080104_wt2_hybrid_alpha_joint,0.5,outputs/hybrid_experiments/20260515_004119_wt2_hybrid_lite_baseline_224x56_l6_e20,9e1b4f18f2873c9203b7cf8e7bc5750c272a399ca43d64e3f77adfb8868debef,/workspace/grassmannflows/datasets/wikitext2_v1_saved,text,0,42,research/experiments/phase2e_teacher_branch_ablation/results_multiseed.csv,yes
WT2_J_S123,wikitext2,WT2_J_fused_TG,123,tg,outputs/hybrid_experiments/20260328_080104_wt2_hybrid_alpha_joint,0.5,outputs/hybrid_experiments/20260922_071001_phase2c_wt2_s0_seed123,a44b64ba5a84d3bd2708a96aad4eae829ff7ab0f00476f0e31146fc314da1f13,/workspace/grassmannflows/datasets/wikitext2_v1_saved,text,0,42,research/experiments/phase2e_teacher_branch_ablation/results_multiseed.csv,yes
WT2_J_S456,wikitext2,WT2_J_fused_TG,456,tg,outputs/hybrid_experiments/20260328_080104_wt2_hybrid_alpha_joint,0.5,outputs/hybrid_experiments/20260922_071449_phase2c_wt2_s0_seed456,3fbe985d6474c84d1c61fd7937ea906102cf460846829eb3af4c709593b01757,/workspace/grassmannflows/datasets/wikitext2_v1_saved,text,0,42,research/experiments/phase2e_teacher_branch_ablation/results_multiseed.csv,yes
WT2_A_S42,wikitext2,WT2_A_fixed_composition,42,tg,outputs/hybrid_experiments/20260328_084319_wt2_v1_hybrid_alpha_only,0.5,outputs/hybrid_experiments/20260515_004119_wt2_hybrid_lite_baseline_224x56_l6_e20,9e1b4f18f2873c9203b7cf8e7bc5750c272a399ca43d64e3f77adfb8868debef,/workspace/grassmannflows/datasets/wikitext2_v1_saved,text,0,42,research/experiments/phase2d_fixed_composition_teacher_quality/results_multiseed.csv,yes
WT2_A_S123,wikitext2,WT2_A_fixed_composition,123,tg,outputs/hybrid_experiments/20260328_084319_wt2_v1_hybrid_alpha_only,0.5,outputs/hybrid_experiments/20260922_071001_phase2c_wt2_s0_seed123,a44b64ba5a84d3bd2708a96aad4eae829ff7ab0f00476f0e31146fc314da1f13,/workspace/grassmannflows/datasets/wikitext2_v1_saved,text,0,42,research/experiments/phase2d_fixed_composition_teacher_quality/results_multiseed.csv,yes
WT2_A_S456,wikitext2,WT2_A_fixed_composition,456,tg,outputs/hybrid_experiments/20260328_084319_wt2_v1_hybrid_alpha_only,0.5,outputs/hybrid_experiments/20260922_071449_phase2c_wt2_s0_seed456,3fbe985d6474c84d1c61fd7937ea906102cf460846829eb3af4c709593b01757,/workspace/grassmannflows/datasets/wikitext2_v1_saved,text,0,42,research/experiments/phase2d_fixed_composition_teacher_quality/results_multiseed.csv,yes
WT2_T_S42,wikitext2,WT2_Transformer_only,42,tg,outputs/hybrid_experiments/20260328_080104_wt2_hybrid_alpha_joint,1.0,outputs/hybrid_experiments/20260515_004119_wt2_hybrid_lite_baseline_224x56_l6_e20,9e1b4f18f2873c9203b7cf8e7bc5750c272a399ca43d64e3f77adfb8868debef,/workspace/grassmannflows/datasets/wikitext2_v1_saved,text,0,42,research/experiments/phase2e_teacher_branch_ablation/results_multiseed.csv,yes
WT2_T_S123,wikitext2,WT2_Transformer_only,123,tg,outputs/hybrid_experiments/20260328_080104_wt2_hybrid_alpha_joint,1.0,outputs/hybrid_experiments/20260922_071001_phase2c_wt2_s0_seed123,a44b64ba5a84d3bd2708a96aad4eae829ff7ab0f00476f0e31146fc314da1f13,/workspace/grassmannflows/datasets/wikitext2_v1_saved,text,0,42,research/experiments/phase2e_teacher_branch_ablation/results_multiseed.csv,yes
WT2_T_S456,wikitext2,WT2_Transformer_only,456,tg,outputs/hybrid_experiments/20260328_080104_wt2_hybrid_alpha_joint,1.0,outputs/hybrid_experiments/20260922_071449_phase2c_wt2_s0_seed456,3fbe985d6474c84d1c61fd7937ea906102cf460846829eb3af4c709593b01757,/workspace/grassmannflows/datasets/wikitext2_v1_saved,text,0,42,research/experiments/phase2e_teacher_branch_ablation/results_multiseed.csv,yes
WT2_G_S42,wikitext2,WT2_Grassmann_only,42,tg,outputs/hybrid_experiments/20260328_080104_wt2_hybrid_alpha_joint,0.0,outputs/hybrid_experiments/20260515_004119_wt2_hybrid_lite_baseline_224x56_l6_e20,9e1b4f18f2873c9203b7cf8e7bc5750c272a399ca43d64e3f77adfb8868debef,/workspace/grassmannflows/datasets/wikitext2_v1_saved,text,0,42,research/experiments/phase2e_teacher_branch_ablation/results_multiseed.csv,yes
WT2_G_S123,wikitext2,WT2_Grassmann_only,123,tg,outputs/hybrid_experiments/20260328_080104_wt2_hybrid_alpha_joint,0.0,outputs/hybrid_experiments/20260922_071001_phase2c_wt2_s0_seed123,a44b64ba5a84d3bd2708a96aad4eae829ff7ab0f00476f0e31146fc314da1f13,/workspace/grassmannflows/datasets/wikitext2_v1_saved,text,0,42,research/experiments/phase2e_teacher_branch_ablation/results_multiseed.csv,yes
WT2_G_S456,wikitext2,WT2_Grassmann_only,456,tg,outputs/hybrid_experiments/20260328_080104_wt2_hybrid_alpha_joint,0.0,outputs/hybrid_experiments/20260922_071449_phase2c_wt2_s0_seed456,3fbe985d6474c84d1c61fd7937ea906102cf460846829eb3af4c709593b01757,/workspace/grassmannflows/datasets/wikitext2_v1_saved,text,0,42,research/experiments/phase2e_teacher_branch_ablation/results_multiseed.csv,yes
WT2_TT_S42,wikitext2,WT2_TT_homogeneous,42,tt,outputs/hybrid_experiments/20260930_034520_phase2f_tt_teacher_joint_e10,0.5,outputs/hybrid_experiments/20260515_004119_wt2_hybrid_lite_baseline_224x56_l6_e20,9e1b4f18f2873c9203b7cf8e7bc5750c272a399ca43d64e3f77adfb8868debef,/workspace/grassmannflows/datasets/wikitext2_v1_saved,text,0,42,research/experiments/phase2f_homogeneous_ensemble_control/results_multiseed.csv,yes
WT2_TT_S123,wikitext2,WT2_TT_homogeneous,123,tt,outputs/hybrid_experiments/20260930_034520_phase2f_tt_teacher_joint_e10,0.5,outputs/hybrid_experiments/20260922_071001_phase2c_wt2_s0_seed123,a44b64ba5a84d3bd2708a96aad4eae829ff7ab0f00476f0e31146fc314da1f13,/workspace/grassmannflows/datasets/wikitext2_v1_saved,text,0,42,research/experiments/phase2f_homogeneous_ensemble_control/results_multiseed.csv,yes
WT2_TT_S456,wikitext2,WT2_TT_homogeneous,456,tt,outputs/hybrid_experiments/20260930_034520_phase2f_tt_teacher_joint_e10,0.5,outputs/hybrid_experiments/20260922_071449_phase2c_wt2_s0_seed456,3fbe985d6474c84d1c61fd7937ea906102cf460846829eb3af4c709593b01757,/workspace/grassmannflows/datasets/wikitext2_v1_saved,text,0,42,research/experiments/phase2f_homogeneous_ensemble_control/results_multiseed.csv,yes
TS_F_S42,tinystories,TinyStories_fused,42,tg,outputs/hybrid_experiments/20260515_022710_ts_latefusion_last1_joint_e10,-1,outputs/hybrid_experiments/20260515_031101_ts_hybrid_lite_baseline_224x56_l6_e20,e4d0959603bb39f0ad7b7a98025024975e2b87d117d36037e9f9aa9da966f9c2,/workspace/grassmannflows/datasets/tinystories_saved,text,300000,42,research/experiments/phase2g_tinystories_negative_transfer/results_multiseed.csv,yes
TS_F_S123,tinystories,TinyStories_fused,123,tg,outputs/hybrid_experiments/20260515_022710_ts_latefusion_last1_joint_e10,-1,outputs/hybrid_experiments/20260930_085658_phase2g_ts_s0_seed123_e20,b30d662bcd51db22e841455bd29a8b83617447d583a71c0b0cc97eb362ede8b3,/workspace/grassmannflows/datasets/tinystories_saved,text,300000,42,research/experiments/phase2g_tinystories_negative_transfer/results_multiseed.csv,yes
TS_F_S456,tinystories,TinyStories_fused,456,tg,outputs/hybrid_experiments/20260515_022710_ts_latefusion_last1_joint_e10,-1,outputs/hybrid_experiments/20260930_085713_phase2g_ts_s0_seed456_e20,6eaa7b735ee425e98711103b594e68709cc94359cbfbddbe0eb9a87795c6fbc7,/workspace/grassmannflows/datasets/tinystories_saved,text,300000,42,research/experiments/phase2g_tinystories_negative_transfer/results_multiseed.csv,yes
