condition_id,dataset,family,student_seed,teacher_validation_nll,student_validation_nll,teacher_residual_advantage,student_teacher_kl,kd_gradient_norm,training_ce_kd_cosine,validation_gradient_norm,validation_kd_dot_a,validation_kd_cosine,mixed_curvature_b,kd_curvature_c,predicted_delta_v_quad_lambda5,predicted_gain_quad_lambda5,lambda_safe,virtual_gain_literal_lambda5,virtual_gain_nominal_lambda5,virtual_nominal_safe_grid_max,literal_first_step_lr,Gain_KD,teacher_validation_nll_calibration_sd,student_validation_nll_calibration_sd,teacher_residual_advantage_calibration_sd,student_teacher_kl_calibration_sd,kd_gradient_norm_calibration_sd,training_ce_kd_cosine_calibration_sd,validation_gradient_norm_calibration_sd,validation_kd_dot_a_calibration_sd,validation_kd_cosine_calibration_sd,mixed_curvature_b_calibration_sd,kd_curvature_c_calibration_sd,predicted_delta_v_quad_lambda5_calibration_sd,predicted_gain_quad_lambda5_calibration_sd,lambda_safe_calibration_sd,virtual_gain_literal_lambda5_calibration_sd,virtual_gain_nominal_lambda5_calibration_sd,virtual_nominal_safe_grid_max_calibration_sd,literal_first_step_lr_calibration_sd,Gain_KD_calibration_sd,first_order_subset_signs,quadratic_subset_signs,virtual_subset_signs,first_order_subset_stable,quadratic_subset_stable,virtual_subset_stable,finite_lambda_safe_fraction
PTB_F_S123,ptb,PTB_fused,123,4.363907655080159,4.561722199122111,0.19781454404195145,0.4069149438291788,0.4453491850272065,0.0839637915805126,3.0446328132329246,0.03673903527884437,0.026127811631454598,0.10206159998252161,0.43506107306391234,-1.8310031925290068e-05,1.8310031925290068e-05,3980.7055378554933,0.0,0.007321596145629866,6.666666666666667,0.0,0.149462258643052,0.12985008937201806,0.1418935528537428,0.05767727561677178,0.0,0.0,0.0,0.1993574514023901,0.08042439580350565,0.0580997076504161,0.017579018323933552,0.06365463890096748,4.021517963711152e-05,4.021517963711152e-05,2176.4414368367848,0.0,0.014806248088521684,5.773502691896257,0.0,0.0,-++,-++,-++,False,False,False,0.6666666666666666
PTB_F_S42,ptb,PTB_fused,42,4.363907655080159,4.53988774617513,0.17598009109497068,0.4005642216652632,0.4151737912971065,0.1019578646161815,2.9565275795035837,0.08610368909329867,0.06951720093878154,0.150424006442378,0.37670660172501474,-4.2997235021111617e-05,4.2997235021111617e-05,4583.4103623697,0.0,0.011095046997070299,10.0,0.0,0.1422839382555283,0.12985008937201806,0.13918142361480113,0.026388645446765162,0.0,0.0,0.0,0.14071345282669845,0.02932269231628606,0.020103423699684903,0.028201627611759233,0.004568854098308762,1.4661973459099251e-05,1.4661973459099251e-05,1619.922576139781,0.0,0.01243645022006038,0.0,0.0,0.0,+++,+++,+++,True,True,True,1.0
PTB_F_S456,ptb,PTB_fused,456,4.363907655080159,4.55167031288147,0.18776265780131018,0.4021629970520735,0.4253779888920959,0.0756314828893929,2.96521439274278,0.060207806920110164,0.0485318537741358,0.0640923645147494,0.44817663569122773,-3.0044676762367957e-05,3.0044676762367957e-05,2636.4435963231413,0.0,0.0053428014119465675,10.0,0.0,0.1430659070912514,0.12985008937201806,0.09241456001971754,0.07022825497416069,0.0,0.0,0.0,0.14587034634658594,0.030198407128186073,0.026766588316748996,0.022458864720715968,0.030233050088464816,1.5096069512126045e-05,1.5096069512126045e-05,1128.242110430103,0.0,0.004663328390627023,0.0,0.0,0.0,+++,+++,+++,True,True,True,1.0
TS_F_S123,tinystories,TinyStories_fused,123,1.8334174354871113,1.8552810549736023,0.02186361948649083,1.0381180718541143,0.685228047313554,0.1325877987044749,1.7699767640446318,-0.0062570588866725655,-0.0051541759684098,0.07394105364402273,0.6397080790912811,3.212190005904904e-06,-3.212190005904904e-06,650.5004325751873,0.0,-0.0032940705617268335,0.3333333333333333,0.0,-0.1074391180832701,0.12349055742864094,0.11958438436154614,0.008731602239316152,0.0,0.0,0.0,0.010244076350895847,0.027993383981358207,0.023109908800897482,0.009753356525564381,0.14452257829267764,1.3979165297314576e-05,1.3979165297314576e-05,,0.0,0.0026868481612994303,0.5773502691896258,0.0,0.0,+--,+--,---,False,False,True,0.3333333333333333
TS_F_S42,tinystories,TinyStories_fused,42,1.8334174354871113,1.8476020495096843,0.014184614022572798,1.0370851829648018,0.6995940820303099,0.1005580594048547,1.7543777286935303,0.0011758932628345338,0.0006879066988841031,0.0154490201868294,0.6287919429709888,-5.085751875365729e-07,5.085751875365729e-07,888.7975195786595,0.0,-0.003717541694641067,3.3333333333333335,0.0,-0.1074789047855955,0.12349055742864094,0.10487640403176193,0.02136189004339302,0.0,0.0,0.0,0.07137164464294496,0.06331120115927642,0.05042356039360213,0.009682953172407803,0.11368974437130787,3.164776862078024e-05,3.164776862078024e-05,1177.135863839948,0.0,0.005027172327428187,5.773502691896257,0.0,0.0,++-,++-,+--,False,False,False,0.6666666666666666
TS_F_S456,tinystories,TinyStories_fused,456,1.8334174354871113,1.8455737431844075,0.012156307697296066,1.0426824539899826,0.7163347877773747,0.08412138396118012,1.761803522504738,-0.013791557722509035,-0.012057794427743867,0.02836157307520513,0.735930861323073,6.989188297573653e-06,-6.989188297573653e-06,876.5360082790194,0.0,-0.0062203009923298665,0.3333333333333333,0.0,-0.1067402812611868,0.12349055742864094,0.11047906630894386,0.0143179887405798,0.0,0.0,0.0,0.07741075897895039,0.0492219516723878,0.038577859012133245,0.0028001383495152125,0.21598932359671935,2.458436901822712e-05,2.458436901822712e-05,,0.0,0.004509904176756666,0.5773502691896258,0.0,0.0,+--,+--,---,False,False,True,0.3333333333333333
WT2_A_S123,wikitext2,WT2_A_fixed_composition,123,6.5247102578481035,4.347317377726237,-2.177392880121867,1.3219133242964745,1.2090725321295794,0.11603801291998121,2.8000993700616177,-0.14037813309602787,-0.040436992865947735,0.2705230507472716,2.5111708903968104,7.051648906185091e-05,-7.051648906185091e-05,,0.0,-0.013103445370991966,0.0,0.0,-0.0353620664692515,0.6992274035910444,0.14181621289403087,0.7013397889210947,0.0,0.0,0.0,0.3198295124972844,0.061229258393943484,0.014432479122860721,0.05456610583597865,0.41857524675336494,3.0608384614079066e-05,3.0608384614079066e-05,,0.0,0.0028623550818824596,0.0,0.0,0.0,---,---,---,True,True,True,0.0
WT2_A_S42,wikitext2,WT2_A_fixed_composition,42,6.5247102578481035,4.306039293607076,-2.218670964241028,1.402920812368393,1.4342181651848016,0.052096208760078,3.4185486818600226,-0.14122198697134222,-0.02772419131168123,0.14447392842626366,3.9496676972272486,7.111192564422249e-05,-7.111192564422249e-05,,0.0,-0.009575009346008299,0.0,0.0,-0.0223938292985668,0.6992274035910444,0.11719689737134892,0.6778212156344148,0.0,0.0,0.0,0.7119980221310762,0.08807583864497188,0.014472331117635672,0.09719641853200915,0.30353038062968485,4.40061082291317e-05,4.40061082291317e-05,,0.0,0.00876944774177938,0.0,0.0,0.0,---,---,-+-,True,True,False,0.0
WT2_A_S456,wikitext2,WT2_A_fixed_composition,456,6.5247102578481035,4.327070156733195,-2.1976401011149087,1.3753495067358017,1.3860381403101687,0.0728297423122085,3.021741430811097,-0.17472871785871794,-0.04182276370051213,0.2291484566958301,3.061921593907034,8.775855655141092e-05,-8.775855655141092e-05,,0.0,-0.011550227801005,0.0,0.0,-0.0252062670445925,0.6992274035910444,0.11633463132859788,0.6979047337569186,0.0,0.0,0.0,0.20952512607752594,0.0391132670694598,0.009754589619395824,0.1263829834652843,0.29897111973585144,1.9585564441761617e-05,1.9585564441761617e-05,,0.0,0.00035195016673106625,0.0,0.0,0.0,---,---,---,True,True,True,0.0
WT2_G_S123,wikitext2,WT2_Grassmann_only,123,4.631696303685506,4.347317377726237,-0.2843789259592692,1.2675751522183418,1.088000125499277,0.1769116589030422,2.8000993700616177,-0.15914382110717054,-0.05070460963606457,0.4588222948221408,2.213651048572277,7.987155804938004e-05,-7.987155804938004e-05,,0.0,-0.017236749331156334,0.0,0.0,0.0335976974372824,0.13125088510135918,0.14181621289403087,0.0626970754465858,0.0,0.0,0.0,0.3198295124972844,0.11812420841006435,0.03741085504392632,0.11857374100377503,0.3539002120740522,5.906880358136672e-05,5.906880358136672e-05,,0.0,0.003910237511177994,0.0,0.0,0.0,---,---,---,True,True,True,0.0
WT2_G_S42,wikitext2,WT2_Grassmann_only,42,4.631696303685506,4.306039293607076,-0.3256570100784302,1.3237359002232552,1.2370867246261037,0.0321407014271405,3.4185486818600226,-0.21798817591954855,-0.0552688834766317,0.02051851120224243,2.48856077692766,0.00010930618398240218,-0.00010930618398240218,,0.0,-0.0161715745925903,0.0,0.0,0.0467706269536094,0.13125088510135918,0.11719689737134892,0.03698601137768666,0.0,0.0,0.0,0.7119980221310762,0.07837663844933977,0.02681774926902365,0.03276243634606438,0.47976122229792384,3.924281424306863e-05,3.924281424306863e-05,,0.0,0.020234072354666763,0.0,0.0,0.0,---,---,-+-,True,True,False,0.0
WT2_G_S456,wikitext2,WT2_Grassmann_only,456,4.631696303685506,4.327070156733195,-0.3046261469523112,1.31032095849514,1.2442746246105223,0.0537408284511779,3.021741430811097,-0.19859953391745924,-0.053162274319891324,0.05670421084202106,2.260945249107449,9.958522032537906e-05,-9.958522032537906e-05,,0.0,-0.0141578912734985,0.0,0.0,0.0426037974412318,0.13125088510135918,0.11633463132859788,0.056986451880188596,0.0,0.0,0.0,0.20952512607752594,0.1256876820411445,0.03443839833355098,0.14613331329120674,0.17217967698957468,6.28579462068065e-05,6.28579462068065e-05,,0.0,0.006933677130702144,0.0,0.0,0.0,---,---,---,True,True,True,0.0
WT2_J_S123,wikitext2,WT2_J_fused_TG,123,4.309617519378662,4.347317377726237,0.03769985834757487,0.9432232342660428,1.0215326113189866,0.1454307739663081,2.8000993700616177,-0.06565955358413973,-0.021095496381560063,0.27281298216472355,1.6565657842227592,3.305048816420594e-05,-3.305048816420594e-05,232.27088072940663,0.0,-0.008642077445983833,0.0,0.0,0.147336657238764,0.12465238461723274,0.14181621289403087,0.07138615551762041,0.0,0.0,0.0,0.3198295124972844,0.07610984431881707,0.025496370103491452,0.06716790255512359,0.23908109605835232,3.803687630020441e-05,3.803687630020441e-05,,0.0,0.002592466532714283,0.0,0.0,0.0,+--,+--,---,False,False,True,0.3333333333333333
WT2_J_S42,wikitext2,WT2_J_fused_TG,42,4.309617519378662,4.306039293607076,-0.0035782257715861027,0.9900046177208424,1.243745907798311,0.0751670860104576,3.4185486818600226,-0.05818502361162404,-0.012268429191835168,0.14164466488120156,3.067823808680153,2.9483072015141116e-05,-2.9483072015141116e-05,,0.0,-0.004230221112569134,3.3333333333333335,0.0,0.1625012046766825,0.12465238461723274,0.11719689737134892,0.0423950247170265,0.0,0.0,0.0,0.7119980221310762,0.062282368946962534,0.01140613642603153,0.002578353657645378,0.5032939123455613,3.108690575306638e-05,3.108690575306638e-05,,0.0,0.009995219750264857,5.773502691896257,0.0,0.0,---,---,-+-,True,True,False,0.0
WT2_J_S456,wikitext2,WT2_J_fused_TG,456,4.309617519378662,4.327070156733195,0.017452637354532865,0.9867836944758892,1.207353685152357,0.0718841715056882,3.021741430811097,-0.09212979137257103,-0.025049266644900068,0.08862671867535692,2.0081716673117938,4.632034848063329e-05,-4.632034848063329e-05,,0.0,-0.005517005920410101,0.0,0.0,0.1571572578174294,0.12465238461723274,0.11633463132859788,0.06237502331394013,0.0,0.0,0.0,0.20952512607752594,0.04944433166902861,0.013418987920189182,0.1390822299155294,0.09330340948894768,2.4738119646437136e-05,2.4738119646437136e-05,,0.0,0.001932844716231773,0.0,0.0,0.0,---,---,---,True,True,True,0.0
WT2_TT_S123,wikitext2,WT2_TT_homogeneous,123,4.30570650100708,4.347317377726237,0.041610876719156864,1.0086050555109978,1.0566080329572596,0.1425806916046184,2.8000993700616177,-0.024604108006486738,-0.0065327950908458,0.26094189385885974,1.7503163637804449,1.2533890643408881e-05,-1.2533890643408881e-05,494.5197212504065,0.0,-0.0042547384897868,0.0,0.0,0.1586657601547578,0.1337626586850902,0.14181621289403087,0.05519605152806662,0.0,0.0,0.0,0.3198295124972844,0.07020157006934054,0.023432450055701725,0.0953627486601861,0.26804296551631385,3.506649265578629e-05,3.506649265578629e-05,,0.0,0.004729677568933684,0.0,0.0,0.0,+--,+--,--+,False,False,False,0.3333333333333333
WT2_TT_S42,wikitext2,WT2_TT_homogeneous,42,4.30570650100708,4.306039293607076,0.0003327925999959006,1.0503823794424534,1.3124332208940936,0.1028720933375004,3.4185486818600226,0.007637773338584832,0.004510956594118133,0.262780920928056,3.62603740407217,-3.3524929477370076e-06,3.3524929477370076e-06,319.7412275572942,0.0,0.0006357034047445002,3.3333333333333335,0.0,0.1764532869512383,0.1337626586850902,0.11719689737134892,0.03197754256606313,0.0,0.0,0.0,0.7119980221310762,0.0994808539669968,0.020913479564329773,0.0327129488130959,0.6003378437441437,4.967425931479246e-05,4.967425931479246e-05,111.46202172829115,0.0,0.007737108015881408,5.773502691896257,0.0,0.0,+-+,+-+,-+-,False,False,False,0.6666666666666666
WT2_TT_S456,wikitext2,WT2_TT_homogeneous,456,4.30570650100708,4.327070156733195,0.0213636557261149,1.0545051842927933,1.247753185106527,0.075375916054966,3.021741430811097,-0.05209941360457413,-0.0136493181430764,0.1057866610282671,2.145734785947995,2.632321298358201e-05,-2.632321298358201e-05,,0.0,-0.0018412272135416667,0.0,0.0,0.1692565651141953,0.1337626586850902,0.11633463132859788,0.051505687432390174,0.0,0.0,0.0,0.20952512607752594,0.03795591494229599,0.010089062909566853,0.14625892062548035,0.08547497481459547,1.897724672107249e-05,1.897724672107249e-05,,0.0,0.0018453358729565849,0.0,0.0,0.0,---,---,-+-,True,True,False,0.0
WT2_T_S123,wikitext2,WT2_Transformer_only,123,4.4495697021484375,4.347317377726237,-0.10225232442220046,1.2164612337946892,1.1623854473760729,0.0969471094533924,2.8000993700616177,0.010899774220044706,0.005814902823482067,0.1383148754919849,2.399197149472121,-5.143071722563744e-06,5.143071722563744e-06,632.0701283200046,0.0,-0.0031427939732869004,3.3333333333333335,0.0,0.1252263532943249,0.10650786373640572,0.14181621289403087,0.05995720576371838,0.0,0.0,0.0,0.3198295124972844,0.12035233552560548,0.03606736198013545,0.13173546999772975,0.22695291984938165,6.0146045599054165e-05,6.0146045599054165e-05,117.5317666677559,0.0,0.011184953734750532,5.773502691896257,0.0,0.0,+-+,+-+,--+,False,False,False,0.6666666666666666
WT2_T_S42,wikitext2,WT2_Transformer_only,42,4.4495697021484375,4.306039293607076,-0.14353040854136148,1.25602425634861,1.4715556124857396,0.09888765098342582,3.4185486818600226,0.06851617903395714,0.019582072916855032,0.25452882682045497,5.4827074099992466,-3.356002464938766e-05,3.356002464938766e-05,696.59492025705,0.0,0.0014727115631103333,3.6666666666666665,0.0,0.1427851628120873,0.10650786373640572,0.11719689737134892,0.026419184318481684,0.0,0.0,0.0,0.7119980221310762,0.22149412851929207,0.04294378090448577,0.053462883749702164,1.217655327948937,0.00011067055919871355,0.00011067055919871355,182.38479666285,0.0,0.002896505281427587,5.507570547286102,0.0,0.0,+-+,+-+,++-,False,False,False,0.6666666666666666
WT2_T_S456,wikitext2,WT2_Transformer_only,456,4.4495697021484375,4.327070156733195,-0.12249954541524248,1.260795496404171,1.327254639539191,0.0728160113658478,3.021741430811097,0.010646862593467435,0.0035448986267583005,0.09666772888961671,2.6160663784953138,-4.991589612977325e-06,4.991589612977325e-06,446.5993222826694,0.0,0.0013357400894164668,6.666666666666667,0.0,0.1365930783674978,0.10650786373640572,0.11633463132859788,0.04411459239344541,0.0,0.0,0.0,0.20952512607752594,0.08651104769151068,0.020961486842137948,0.13134364912255006,0.14260335364472046,4.324324553000294e-05,4.324324553000294e-05,87.46888756532447,0.0,0.006426214665406043,5.773502691896257,0.0,0.0,+-+,+-+,+-+,False,False,False,0.6666666666666666
