condition_id,dataset,family,student_seed,calibration_seed,calibration_indices,teacher_validation_nll,student_validation_nll,teacher_residual_advantage,student_teacher_kl,kd_gradient_norm,training_ce_kd_cosine,validation_gradient_norm,validation_kd_dot_a,validation_kd_cosine,mixed_curvature_b,kd_curvature_c,predicted_delta_v_quad_lambda5,predicted_gain_quad_lambda5,predicted_quad_sign_lambda5,lambda_safe,lambda_safe_status,virtual_gain_literal_lambda5,virtual_gain_nominal_lambda5,virtual_nominal_beneficial_grid,virtual_nominal_safe_grid_max,literal_first_step_lr,full_parameter_gradients,uses_test_data
PTB_F_S42,ptb,PTB_fused,42,161803,22;83,4.233985900878906,4.3883092403411865,0.15432333946228027,0.4005642216652632,0.4151737912971065,0.10195786461618157,2.879801737161031,0.07402224028277779,0.061911268816546364,0.18137507007332748,0.3775182714776722,-3.695486160395052e-05,3.695486160395052e-05,beneficial,3920.557406988834,finite_positive_upper_crossing,0.0,0.004201412200927734,0.5;1.0;2.5;5.0;10.0,10.0,0.0,True,False
PTB_F_S42,ptb,PTB_fused,42,271828,107;77,4.364051103591919,4.569422960281372,0.20537185668945312,0.4005642216652632,0.4151737912971065,0.10195786461618157,2.8708536729016902,0.06475191031512137,0.05432648405364006,0.12618174518902103,0.3808152238405178,-3.2322044167321174e-05,3.2322044167321174e-05,beneficial,3400.0369779184425,finite_positive_upper_crossing,0.0,0.003632068634033203,0.5;1.0;2.5;5.0;10.0,10.0,0.0,True,False
PTB_F_S42,ptb,PTB_fused,42,314159,346;199,4.493685960769653,4.661931037902832,0.1682450771331787,0.4005642216652632,0.4151737912971065,0.10195786461618157,3.1189273284480286,0.11953691668199701,0.09231384994615832,0.14371520406478566,0.37178630985685435,-5.971479929206316e-05,5.971479929206316e-05,beneficial,6429.636702201823,finite_positive_upper_crossing,0.0,0.02545166015625,0.5;1.0;2.5;5.0;10.0,10.0,0.0,True,False
PTB_F_S123,ptb,PTB_fused,123,161803,22;83,4.233985900878906,4.398763656616211,0.1647777557373047,0.4069149438291788,0.44534918502720655,0.0839637915805126,3.0004520527167298,-0.05297730554263222,-0.03964628634398913,0.12220214911013777,0.4361349299388062,2.654927974501397e-05,-2.654927974501397e-05,harmful,,no_positive_local_safe_interval,0.0,-0.009502887725830078,,0.0,0.0,True,False
PTB_F_S123,ptb,PTB_fused,123,271828,107;77,4.364051103591919,4.628464937210083,0.26441383361816406,0.4069149438291788,0.44534918502720655,0.0839637915805126,2.8710718742268413,0.06082903093679254,0.047573616993531166,0.08980258243203072,0.49817198965810605,-3.03477538405674e-05,3.03477538405674e-05,beneficial,2441.7290390128096,finite_positive_upper_crossing,0.0,0.013101816177368164,0.5;1.0;2.5;5.0;10.0,10.0,0.0,True,False
PTB_F_S123,ptb,PTB_fused,123,314159,346;199,4.493685960769653,4.657938003540039,0.16425204277038574,0.4069149438291788,0.44534918502720655,0.0839637915805126,3.262374512755202,0.1023653804423728,0.07045610424482186,0.09418006840539647,0.3708762995948247,-5.113162168031677e-05,5.113162168031677e-05,beneficial,5519.6820366981765,finite_positive_upper_crossing,0.0,0.018365859985351562,0.5;1.0;2.5;5.0;10.0,10.0,0.0,True,False
PTB_F_S456,ptb,PTB_fused,456,161803,22;83,4.233985900878906,4.444997072219849,0.21101117134094238,0.4021629970520735,0.4253779888920959,0.0756314828893929,3.105216087797571,0.042665830691488965,0.032300806678590095,0.09000283814552125,0.43517317847127057,-2.1274018556528296e-05,2.1274018556528296e-05,beneficial,1960.453103177201,finite_positive_upper_crossing,0.0,0.0018737316131591797,0.5;1.0;2.5;5.0;10.0,10.0,0.0,True,False
PTB_F_S456,ptb,PTB_fused,456,271828,107;77,4.364051103591919,4.607469797134399,0.24341869354248047,0.4021629970520735,0.4253779888920959,0.0756314828893929,2.9763171948226113,0.0428798851802613,0.03386876711946322,0.05207846808160037,0.4266209251290691,-2.1384011051085435e-05,2.1384011051085435e-05,beneficial,2009.9659818834207,finite_positive_upper_crossing,0.0,0.003510713577270508,0.5;1.0;2.5;5.0;10.0,10.0,0.0,True,False
PTB_F_S456,ptb,PTB_fused,456,314159,346;199,4.493685960769653,4.602544069290161,0.10885810852050781,0.4021629970520735,0.4253779888920959,0.0756314828893929,2.814109895608157,0.0950777048885803,0.07942598752435422,0.05019578731712672,0.4827358034733435,-4.747600067949013e-05,4.747600067949013e-05,beneficial,3938.9117039088014,finite_positive_upper_crossing,0.0,0.010643959045410156,0.5;1.0;2.5;5.0;10.0,10.0,0.0,True,False
WT2_J_S42,wikitext2,WT2_J_fused_TG,42,161803,482;303,4.166890621185303,4.185801982879639,0.018911361694335938,0.9900046177208424,1.243745907798311,0.07516708601045766,3.0165408809880017,-0.043707455802889324,-0.011649697445355075,0.14460372180062658,2.8805453218067223,2.2221026252760534e-05,-2.2221026252760534e-05,harmful,,no_positive_local_safe_interval,0.0,-0.008757352828979492,,0.0,0.0,True,False
WT2_J_S42,wikitext2,WT2_J_fused_TG,42,271828,864;505,4.364856719970703,4.312377333641052,-0.05247938632965088,0.9900046177208424,1.243745907798311,0.07516708601045766,4.24062703801539,-0.1264311308829707,-0.023971338255789346,0.13988071737396265,2.6850180516499726,6.35581867338103e-05,-6.35581867338103e-05,harmful,,no_positive_local_safe_interval,0.0,0.007227540016174316,0.5;1.0;2.5;5.0;10.0,10.0,0.0,True,False
WT2_J_S42,wikitext2,WT2_J_fused_TG,42,314159,937;152,4.3971052169799805,4.419938564300537,0.02283334732055664,0.9900046177208424,1.243745907798311,0.07516708601045766,2.9984781265766753,-0.00441648414901219,-0.0011842518743612515,0.1404495554690156,3.6379080525837635,2.6700030588525164e-06,-2.6700030588525164e-06,harmful,,no_positive_local_safe_interval,0.0,-0.011160850524902344,,0.0,0.0,True,False
WT2_J_S123,wikitext2,WT2_J_fused_TG,123,161803,482;303,4.166890621185303,4.217647552490234,0.05075693130493164,0.9432232342660427,1.0215326113189866,0.1454307739663081,2.4654596197509955,0.020243304943100296,0.008037690683281947,0.3399814664275783,1.7401498399621764,-9.887134668233498e-06,9.887134668233498e-06,beneficial,232.27088072940666,finite_positive_upper_crossing,0.0,-0.009365558624267578,,0.0,0.0,True,False
WT2_J_S123,wikitext2,WT2_J_fused_TG,123,271828,864;505,4.364856719970703,4.325543165206909,-0.039313554763793945,0.9432232342660427,1.0215326113189866,0.1454307739663081,3.102708177499965,-0.12468059936064896,-0.03933740582392765,0.20564566133244525,1.3869140413701788,6.252394621856238e-05,-6.252394621856238e-05,harmful,,no_positive_local_safe_interval,0.0,-0.010795950889587402,,0.0,0.0,True,False
WT2_J_S123,wikitext2,WT2_J_fused_TG,123,314159,937;152,4.3971052169799805,4.498761415481567,0.10165619850158691,0.9432232342660427,1.0215326113189866,0.1454307739663081,2.832130312933892,-0.0925413663348705,-0.031986774004034525,0.27281181873414717,1.8426334713359223,4.651465294228896e-05,-4.651465294228896e-05,harmful,,no_positive_local_safe_interval,0.0,-0.00576472282409668,,0.0,0.0,True,False
WT2_J_S456,wikitext2,WT2_J_fused_TG,456,161803,482;303,4.166890621185303,4.220039367675781,0.053148746490478516,0.9867836944758892,1.207353685152357,0.07188417150568825,2.843014279073972,-0.039230196364072045,-0.011428965661915471,-0.05073604421825449,1.9078256287149353,1.9851039583414478e-05,-1.9851039583414478e-05,harmful,,no_positive_local_safe_interval,0.0,-0.005415201187133789,,0.0,0.0,True,False
WT2_J_S456,wikitext2,WT2_J_fused_TG,456,271828,864;505,4.364856719970703,4.310285806655884,-0.054570913314819336,0.9867836944758892,1.207353685152357,0.07188417150568825,3.252325516456937,-0.09997941226073725,-0.025461387154291495,0.22742670772728213,2.02438102035199,5.025412509329899e-05,-5.025412509329899e-05,harmful,,no_positive_local_safe_interval,0.0,-0.003637075424194336,,0.0,0.0,True,False
WT2_J_S456,wikitext2,WT2_J_fused_TG,456,314159,937;152,4.3971052169799805,4.45088529586792,0.05378007888793945,0.9867836944758892,1.207353685152357,0.07188417150568825,2.9698844969023814,-0.13717976549290398,-0.03825744711849346,0.08918949251704308,2.092308352868456,6.88558807651864e-05,-6.88558807651864e-05,harmful,,no_positive_local_safe_interval,0.0,-0.007498741149902344,,0.0,0.0,True,False
WT2_A_S42,wikitext2,WT2_A_fixed_composition,42,161803,482;303,5.978171348571777,4.185801982879639,-1.7923693656921387,1.402920812368393,1.4342181651848016,0.052096208760078005,3.0165408809880017,-0.15415438465214742,-0.03563128195604298,0.1019967484540239,3.7986987881716443,7.755712951201785e-05,-7.755712951201785e-05,harmful,,no_positive_local_safe_interval,0.0,-0.014130592346191406,,0.0,0.0,True,False
WT2_A_S42,wikitext2,WT2_A_fixed_composition,42,271828,864;505,7.312654733657837,4.312377333641052,-3.0002774000167847,1.402920812368393,1.4342181651848016,0.052096208760078005,4.24062703801539,-0.22211663846267723,-0.0365204226987166,0.25567868239448277,3.7512233592940873,0.00011154000608537012,-0.00011154000608537012,harmful,,no_positive_local_safe_interval,0.0,0.0005346536636352539,5.0;10.0,0.0,0.0,True,False
WT2_A_S42,wikitext2,WT2_A_fixed_composition,42,314159,937;152,6.283304691314697,4.419938564300537,-1.8633661270141602,1.402920812368393,1.4342181651848016,0.052096208760078005,2.9984781265766753,-0.047394937799202196,-0.011020869280284212,0.07574635443028448,4.299080944216015,2.4238641335349618e-05,-2.4238641335349618e-05,harmful,,no_positive_local_safe_interval,0.0,-0.01512908935546875,,0.0,0.0,True,False
WT2_A_S123,wikitext2,WT2_A_fixed_composition,123,161803,482;303,5.978171348571777,4.217647552490234,-1.760523796081543,1.3219133242964745,1.2090725321295794,0.11603801291998127,2.4654596197509955,-0.07099563039854401,-0.023816688240334415,0.29729138297056323,2.461049868087424,3.582031100193146e-05,-3.582031100193146e-05,harmful,,no_positive_local_safe_interval,0.0,-0.014399051666259766,,0.0,0.0,True,False
WT2_A_S123,wikitext2,WT2_A_fixed_composition,123,271828,864;505,7.312654733657837,4.325543165206909,-2.9871115684509277,1.3219133242964745,1.2090725321295794,0.11603801291998127,3.102708177499965,-0.1868411015262975,-0.049805709888950576,0.20774200013274616,2.1199128341819504,9.369592696742813e-05,-9.369592696742813e-05,harmful,,no_positive_local_safe_interval,0.0,-0.015088915824890137,,0.0,0.0,True,False
WT2_A_S123,wikitext2,WT2_A_fixed_composition,123,314159,937;152,6.283304691314697,4.498761415481567,-1.7845432758331299,1.3219133242964745,1.2090725321295794,0.11603801291998127,2.832130312933892,-0.16329766736324214,-0.04768858046855839,0.30653576913850566,2.9525499689210557,8.203322921619312e-05,-8.203322921619312e-05,harmful,,no_positive_local_safe_interval,0.0,-0.009822368621826172,,0.0,0.0,True,False
WT2_A_S456,wikitext2,WT2_A_fixed_composition,456,161803,482;303,5.978171348571777,4.220039367675781,-1.758131980895996,1.3753495067358017,1.3860381403101685,0.07282974231220854,2.843014279073972,-0.1432539687047465,-0.036354019833475366,0.1413417149216353,2.720863210183045,7.197415933939221e-05,-7.197415933939221e-05,harmful,,no_positive_local_safe_interval,0.0,-0.011532306671142578,,0.0,0.0,True,False
WT2_A_S456,wikitext2,WT2_A_fixed_composition,456,271828,864;505,7.312654733657837,4.310285806655884,-3.002368927001953,1.3753495067358017,1.3860381403101685,0.07282974231220854,3.252325516456937,-0.16241519610211366,-0.03602943670463674,0.37399805378200957,3.186156999957176,8.162456757874057e-05,-8.162456757874057e-05,harmful,,no_positive_local_safe_interval,0.0,-0.011910796165466309,,0.0,0.0,True,False
WT2_A_S456,wikitext2,WT2_A_fixed_composition,456,314159,937;152,6.283304691314697,4.45088529586792,-1.8324193954467773,1.3753495067358017,1.3860381403101685,0.07282974231220854,2.9698844969023814,-0.21851698876929387,-0.05308483456342441,0.17210560138384554,3.2787445715808823,0.00010967694273616375,-0.00010967694273616375,harmful,,no_positive_local_safe_interval,0.0,-0.01120758056640625,,0.0,0.0,True,False
WT2_T_S42,wikitext2,WT2_Transformer_only,42,161803,482;303,4.330720901489258,4.185801982879639,-0.14491891860961914,1.25602425634861,1.4715556124857396,0.09888765098342582,3.0165408809880017,0.19725544383494759,0.044436833367909274,0.31611194660425723,4.777938027764597,-9.801467406667302e-05,9.801467406667302e-05,beneficial,825.560446762681,finite_positive_upper_crossing,0.0,0.003162384033203125,0.5;1.0;2.5;5.0;10.0,10.0,0.0,True,False
WT2_T_S42,wikitext2,WT2_Transformer_only,42,271828,864;505,4.481605291366577,4.312377333641052,-0.1692279577255249,1.25602425634861,1.4715556124857396,0.09888765098342582,4.24062703801539,-0.18724128015391772,-0.030005083688018238,0.2274681457934551,4.781450992350937,9.42296948582924e-05,-9.42296948582924e-05,harmful,,no_positive_local_safe_interval,0.0,0.003127574920654297,2.5;5.0;10.0,0.0,0.0,True,False
WT2_T_S42,wikitext2,WT2_Transformer_only,42,314159,937;152,4.5363829135894775,4.419938564300537,-0.11644434928894043,1.25602425634861,1.4715556124857396,0.09888765098342582,2.9984781265766753,0.19553437342084162,0.04431446907067415,0.2200063880636526,6.888733209882206,-9.689509473978236e-05,9.689509473978236e-05,beneficial,567.6293937514192,finite_positive_upper_crossing,0.0,-0.0018718242645263672,0.5;1.0,1.0,0.0,True,False
WT2_T_S123,wikitext2,WT2_Transformer_only,123,161803,482;303,4.330720901489258,4.217647552490234,-0.11307334899902344,1.2164612337946892,1.1623854473760729,0.09694710945339241,2.4654596197509955,0.0915508054984558,0.03194582537744408,0.28139808202439054,2.559438687306447,-4.544140300921338e-05,4.544140300921338e-05,beneficial,715.17763753561,finite_positive_upper_crossing,0.0,-0.007140398025512695,,0.0,0.0,True,False
WT2_T_S123,wikitext2,WT2_Transformer_only,123,271828,864;505,4.481605291366577,4.325543165206909,-0.15606212615966797,1.2164612337946892,1.1623854473760729,0.09694710945339241,3.102708177499965,-0.12743718479065952,-0.035334998363620994,0.11149050673135591,2.1394946025469217,6.399160374598469e-05,-6.399160374598469e-05,harmful,,no_positive_local_safe_interval,0.0,-0.01177966594696045,,0.0,0.0,True,False
WT2_T_S123,wikitext2,WT2_Transformer_only,123,314159,937;152,4.5363829135894775,4.498761415481567,-0.037621498107910156,1.2164612337946892,1.1623854473760729,0.09694710945339241,2.832130312933892,0.06858570195233786,0.02083388145662317,0.022056037720208345,2.4986581585629937,-3.397941590446254e-05,3.397941590446254e-05,beneficial,548.9626191043994,finite_positive_upper_crossing,0.0,0.009491682052612305,0.5;1.0;2.5;5.0;10.0,10.0,0.0,True,False
WT2_T_S456,wikitext2,WT2_Transformer_only,456,161803,482;303,4.330720901489258,4.220039367675781,-0.11068153381347656,1.260795496404171,1.327254639539191,0.07281601136584781,2.843014279073972,0.051056814016247815,0.013530704602057719,-0.03570452411782351,2.6542146144321563,-2.519841540752578e-05,2.519841540752578e-05,beneficial,384.7494787423848,finite_positive_upper_crossing,0.0,0.0010781288146972656,0.5;1.0;2.5;5.0;10.0,10.0,0.0,True,False
WT2_T_S456,wikitext2,WT2_Transformer_only,456,271828,864;505,4.481605291366577,4.310285806655884,-0.17131948471069336,1.260795496404171,1.327254639539191,0.07281601136584781,3.252325516456937,-0.08867472478822397,-0.020542419510376345,0.22695802171759558,2.4582686124278696,4.465599387175135e-05,-4.465599387175135e-05,harmful,,no_positive_local_safe_interval,0.0,-0.004957795143127441,,0.0,0.0,True,False
WT2_T_S456,wikitext2,WT2_Transformer_only,456,314159,937;152,4.5363829135894775,4.45088529586792,-0.08549761772155762,1.260795496404171,1.327254639539191,0.07281601136584781,2.9698844969023814,0.06955849855237847,0.017646410788593553,0.09874968906907818,2.735715908625915,-3.4432347303157545e-05,3.4432347303157545e-05,beneficial,508.449165822954,finite_positive_upper_crossing,0.0,0.007886886596679688,0.5;1.0;2.5;5.0;10.0,10.0,0.0,True,False
WT2_G_S42,wikitext2,WT2_Grassmann_only,42,161803,482;303,4.4831624031066895,4.185801982879639,-0.2973604202270508,1.3237359002232552,1.2370867246261037,0.03214070142714059,3.0165408809880017,-0.2640100079083305,-0.07074748868218704,-0.014346684202428822,2.5760000113348287,0.000132326286621372,-0.000132326286621372,harmful,,no_positive_local_safe_interval,0.0,-0.024394750595092773,,0.0,0.0,True,False
WT2_G_S42,wikitext2,WT2_Grassmann_only,42,271828,864;505,4.679885387420654,4.312377333641052,-0.36750805377960205,1.3237359002232552,1.2370867246261037,0.03214070142714059,4.24062703801539,-0.12749103399781916,-0.024302414418943263,0.05066688050426834,1.9710937421738435,6.399443706070653e-05,-6.399443706070653e-05,harmful,,no_positive_local_safe_interval,0.0,0.006879448890686035,1.0;2.5;5.0;10.0,0.0,0.0,True,False
WT2_G_S42,wikitext2,WT2_Grassmann_only,42,314159,937;152,4.732041120529175,4.419938564300537,-0.3121025562286377,1.3237359002232552,1.2370867246261037,0.03214070142714059,2.9984781265766753,-0.262463485852496,-0.07075674732876495,0.02523533730488782,2.918588577274308,0.00013159782826527256,-0.00013159782826527256,harmful,,no_positive_local_safe_interval,0.0,-0.030999422073364258,,0.0,0.0,True,False
WT2_G_S123,wikitext2,WT2_Grassmann_only,123,161803,482;303,4.4831624031066895,4.217647552490234,-0.2655148506164551,1.2675751522183418,1.088000125499277,0.17691165890304225,2.4654596197509955,-0.03818143073905849,-0.014233947566210875,0.46831225755741845,2.3662755398595934,1.9409915424889565e-05,-1.9409915424889565e-05,harmful,,no_positive_local_safe_interval,0.0,-0.014966964721679688,,0.0,0.0,True,False
WT2_G_S123,wikitext2,WT2_Grassmann_only,123,271828,864;505,4.679885387420654,4.325543165206909,-0.3543422222137451,1.2675751522183418,1.088000125499277,0.17691165890304225,3.102708177499965,-0.16504110199563352,-0.04889024787390443,0.3357887361907079,1.8090482553940834,8.276347146655057e-05,-8.276347146655057e-05,harmful,,no_positive_local_safe_interval,0.0,-0.014991402626037598,,0.0,0.0,True,False
WT2_G_S123,wikitext2,WT2_Grassmann_only,123,314159,937;152,4.732041120529175,4.498761415481567,-0.23327970504760742,1.2675751522183418,1.088000125499277,0.17691165890304225,2.832130312933892,-0.27420893058681983,-0.08898963346807853,0.5723658907182962,2.4656293504631543,0.00013744128725675373,-0.00013744128725675373,harmful,,no_positive_local_safe_interval,0.0,-0.021751880645751953,,0.0,0.0,True,False
WT2_G_S456,wikitext2,WT2_Grassmann_only,456,161803,482;303,4.4831624031066895,4.220039367675781,-0.2631230354309082,1.31032095849514,1.2442746246105225,0.05374082845117797,2.843014279073972,-0.11774794122000078,-0.033285726024253746,-0.0893129427797544,2.063012336456762,5.9127381504918495e-05,-5.9127381504918495e-05,harmful,,no_positive_local_safe_interval,0.0,-0.01250147819519043,,0.0,0.0,True,False
WT2_G_S456,wikitext2,WT2_Grassmann_only,456,271828,864;505,4.679885387420654,4.310285806655884,-0.3695995807647705,1.31032095849514,1.2442746246105225,0.05374082845117797,3.252325516456937,-0.1346478500054108,-0.03327278622062376,0.20295340745921642,2.34370174752273,6.76270353915187e-05,-6.76270353915187e-05,harmful,,no_positive_local_safe_interval,0.0,-0.008202433586120605,,0.0,0.0,True,False
WT2_G_S456,wikitext2,WT2_Grassmann_only,456,314159,937;152,4.732041120529175,4.45088529586792,-0.2811558246612549,1.31032095849514,1.2442746246105225,0.05374082845117797,2.9698844969023814,-0.3434028105269662,-0.09292831071479665,0.05647216784660129,2.376121663342855,0.0001720012440797933,-0.0001720012440797933,harmful,,no_positive_local_safe_interval,0.0,-0.02176976203918457,,0.0,0.0,True,False
WT2_TT_S42,wikitext2,WT2_TT_homogeneous,42,161803,482;303,4.156357049942017,4.185801982879639,0.02944493293762207,1.0503823794424534,1.3124332208940936,0.10287209333750047,3.0165408809880017,0.041892735868951675,0.010581623230133912,0.29649870887528174,3.4751867602744264,-2.049714465399777e-05,2.049714465399777e-05,beneficial,240.92567614845728,finite_positive_upper_crossing,0.0,-0.0030210018157958984,,0.0,0.0,True,False
WT2_TT_S42,wikitext2,WT2_TT_homogeneous,42,271828,864;505,4.34627103805542,4.312377333641052,-0.033893704414367676,1.0503823794424534,1.3124332208940936,0.10287209333750047,4.24062703801539,-0.10444437322817984,-0.018766261083637895,0.2311751594223984,3.1155117134446346,5.2623184336241625e-05,-5.2623184336241625e-05,harmful,,no_positive_local_safe_interval,0.0,0.009523391723632812,0.5;1.0;2.5;5.0;10.0,10.0,0.0,True,False
WT2_TT_S42,wikitext2,WT2_TT_homogeneous,42,314159,937;152,4.414491415023804,4.419938564300537,0.0054471492767333984,1.0503823794424534,1.3124332208940936,0.10287209333750047,2.9984781265766753,0.08546495737498278,0.02171750763585839,0.2606688944864879,4.28741373849745,-4.218351852545488e-05,4.218351852545488e-05,beneficial,398.5567789661312,finite_positive_upper_crossing,0.0,-0.004595279693603516,,0.0,0.0,True,False
WT2_TT_S123,wikitext2,WT2_TT_homogeneous,123,161803,482;303,4.156357049942017,4.217647552490234,0.06129050254821777,1.0086050555109978,1.0566080329572596,0.1425806916046184,2.4654596197509955,0.04781254922469716,0.01835397346229303,0.3699123600120575,1.932200312169317,-2.3646253955326813e-05,2.3646253955326813e-05,beneficial,494.5197212504065,finite_positive_upper_crossing,0.0,-0.007494211196899414,,0.0,0.0,True,False
WT2_TT_S123,wikitext2,WT2_TT_homogeneous,123,271828,864;505,4.34627103805542,4.325543165206909,-0.020727872848510742,1.0086050555109978,1.0566080329572596,0.1425806916046184,3.102708177499965,-0.09235813770473736,-0.02817217191035659,0.19274054027419052,1.4424972276909966,4.636901803284376e-05,-4.636901803284376e-05,harmful,,no_positive_local_safe_interval,0.0,-0.0064427852630615234,,0.0,0.0,True,False
WT2_TT_S123,wikitext2,WT2_TT_homogeneous,123,314159,937;152,4.414491415023804,4.498761415481567,0.08427000045776367,1.0086050555109978,1.0566080329572596,0.1425806916046184,2.832130312933892,-0.02926673553942009,-0.009780186824473982,0.22017278129033135,1.8762515514810219,1.4878907852709691e-05,-1.4878907852709691e-05,harmful,,no_positive_local_safe_interval,0.0,0.001172780990600586,2.5;5.0;10.0,0.0,0.0,True,False
WT2_TT_S456,wikitext2,WT2_TT_homogeneous,456,161803,482;303,4.156357049942017,4.220039367675781,0.06368231773376465,1.0545051842927933,1.247753185106527,0.07537591605496605,2.843014279073972,-0.01140678342394006,-0.0032155515517299066,-0.0426592728457433,2.2235753281775605,5.979205664349939e-06,-5.979205664349939e-06,harmful,,no_positive_local_safe_interval,0.0,-0.0034046173095703125,,0.0,0.0,True,False
WT2_TT_S456,wikitext2,WT2_TT_homogeneous,456,271828,864;505,4.34627103805542,4.310285806655884,-0.03598523139953613,1.0545051842927933,1.247753185106527,0.07537591605496605,3.252325516456937,-0.05834842874619838,-0.014378264671016208,0.24975577767789275,2.0542635033433165,2.9443485099901e-05,-2.9443485099901e-05,harmful,,no_positive_local_safe_interval,0.0,0.00019431114196777344,1.0;2.5;5.0,0.0,0.0,True,False
WT2_TT_S456,wikitext2,WT2_TT_homogeneous,456,314159,937;152,4.414491415023804,4.45088529586792,0.03639388084411621,1.0545051842927933,1.247753185106527,0.07537591605496605,2.9698844969023814,-0.08654302864358414,-0.023354138206483136,0.1102634782526519,2.159365526323108,4.354694818649509e-05,-4.354694818649509e-05,harmful,,no_positive_local_safe_interval,0.0,-0.002313375473022461,,0.0,0.0,True,False
TS_F_S42,tinystories,TinyStories_fused,42,161803,7920;3264,1.95298171043396,1.9426425695419312,-0.010339140892028809,1.0370851829648018,0.6995940820303099,0.10055805940485471,1.809474363642982,0.06433811915330678,0.05082411268976739,0.005827200997607304,0.7476074397904553,-3.20753172866297e-05,3.20753172866297e-05,beneficial,1721.158271277771,finite_positive_upper_crossing,0.0,0.0006229281425476074,0.5;1.0;2.5;5.0;10.0,10.0,0.0,True,False
TS_F_S42,tinystories,TinyStories_fused,42,271828,668;25188,1.7063433527946472,1.735085368156433,0.02874201536178589,1.0370851829648018,0.6995940820303099,0.10055805940485471,1.6737522761042005,0.001472799510313252,0.0012577848914580732,0.025191970814976233,0.5210363273707492,-6.700106156945336e-07,6.700106156945336e-07,beneficial,56.436767879547865,finite_positive_upper_crossing,0.0,-0.0025497078895568848,,0.0,0.0,True,False
TS_F_S42,tinystories,TinyStories_fused,42,314159,3852;36229,1.840927243232727,1.8650782108306885,0.024150967597961426,1.0370851829648018,0.6995940820303099,0.10055805940485471,1.779906546333409,-0.062283238875116304,-0.05001817748457309,0.015327888747904786,0.6177320617517619,3.121960233971452e-05,-3.121960233971452e-05,harmful,,no_positive_local_safe_interval,0.0,-0.009225845336914062,,0.0,0.0,True,False
TS_F_S123,tinystories,TinyStories_fused,123,161803,7920;3264,1.95298171043396,1.965991497039795,0.013009786605834961,1.0381180718541145,0.685228047313554,0.13258779870447493,1.7679375173216825,0.02585523433684165,0.02134255611045121,0.07483000980959587,0.7947035863922536,-1.2824537719631315e-05,1.2824537719631315e-05,beneficial,650.5004325751873,finite_positive_upper_crossing,0.0,-0.00041407346725463867,0.5;1.0,1.0,0.0,True,False
TS_F_S123,tinystories,TinyStories_fused,123,271828,668;25188,1.7063433527946472,1.7284567952156067,0.022113442420959473,1.0381180718541145,0.685228047313554,0.13258779870447493,1.7609056884766376,-0.025511644910556658,-0.02114303040255994,0.06377365001300045,0.5086466234239553,1.2822591965706975e-05,-1.2822591965706975e-05,harmful,,no_positive_local_safe_interval,0.0,-0.003734886646270752,,0.0,0.0,True,False
TS_F_S123,tinystories,TinyStories_fused,123,314159,3852;36229,1.840927243232727,1.8713948726654053,0.030467629432678223,1.0381180718541145,0.685228047313554,0.13258779870447493,1.7810870863355757,-0.019114766086302748,-0.015662053613120754,0.083219501109472,0.6157740274576347,9.638515771639053e-06,-9.638515771639053e-06,harmful,,no_positive_local_safe_interval,0.0,-0.0057332515716552734,,0.0,0.0,True,False
TS_F_S456,tinystories,TinyStories_fused,456,161803,7920;3264,1.95298171043396,1.9559553265571594,0.002973616123199463,1.0426824539899826,0.7163347877773747,0.0841213839611801,1.8508321675272896,0.04292877076381547,0.03237914420362252,0.026496816260240655,0.9794491196424454,-2.1340629401139415e-05,2.1340629401139415e-05,beneficial,876.5360082790194,finite_positive_upper_crossing,0.0,-0.0011299848556518555,0.5;1.0,1.0,0.0,True,False
TS_F_S456,tinystories,TinyStories_fused,456,271828,668;25188,1.7063433527946472,1.7349974513053894,0.028654098510742188,1.0426824539899826,0.7163347877773747,0.0841213839611801,1.7103717669591967,-0.04529874893433071,-0.0369725704329868,0.027006423058337656,0.5675291410411851,2.272166593094842e-05,-2.272166593094842e-05,harmful,,no_positive_local_safe_interval,0.0,-0.007813751697540283,,0.0,0.0,True,False
TS_F_S456,tinystories,TinyStories_fused,456,314159,3852;36229,1.840927243232727,1.8457684516906738,0.004841208457946777,1.0426824539899826,0.7163347877773747,0.0841213839611801,1.7242066330277281,-0.0390046949970118,-0.03157995705386737,0.03158147990703728,0.6608143232855881,1.958652836291195e-05,-1.958652836291195e-05,harmful,,no_positive_local_safe_interval,0.0,-0.009717166423797607,,0.0,0.0,True,False
