seed,arm,reused_phase4a,lambda,clip_fraction,warning,gradient_norm_preclip_mean,gradient_norm_preclip_max,nonfinite_fraction,overflow_fraction,ce_mean,scaled_kl_T2_mean,initial_ce_gradient_norm,initial_unweighted_kd_gradient_norm,initial_weighted_kd_over_ce_ratio,best_validation_step,best_validation_tokens,target_tokens,peak_allocated_gib,wall_seconds,overflow_note
42,s0,True,0.0,0.1294021294021294,,0.9474455734240432,3.142341136932373,0.0,0.0,2.9335025131558687,0.0,,,,256,2097152,10000000,3.5587620735168457,1327.4008617233485,"BF16 has no GradScaler; finite losses, unclipped grad norms and parameters checked each step"
42,ce,True,0.0,0.05896805896805897,,0.9298478360550996,1.394476056098938,0.0,0.0,2.924724492845354,0.0,1.0584193219068365,2.2761954095545076,,1221,10000000,10000000,3.5587620735168457,1332.3989656604826,"BF16 has no GradScaler; finite losses, unclipped grad norms and parameters checked each step"
42,kd1,True,1.0,0.8501228501228502,,1.0846002499750655,2.502528667449951,0.0,0.0,2.9398980703499467,1.0928074514509787,1.0584193219068365,2.2761954095545076,2.150561089015022,1221,10000000,10000000,5.069586753845215,1689.2666230462492,"BF16 has no GradScaler; finite losses, unclipped grad norms and parameters checked each step"
42,kd5,True,5.0,1.0,CLIP_SATURATION_WARNING,2.5571567530909296,11.615944862365723,0.0,0.0,2.9689676381207564,1.0438432733659935,1.0584193219068365,2.2761954095545076,10.752805445075111,1221,10000000,10000000,5.069586753845215,1804.2205513454974,"BF16 has no GradScaler; finite losses, unclipped grad norms and parameters checked each step"
123,s0,False,0.0,0.11711711711711711,,0.9489267065230205,4.0287957191467285,0.0,0.0,2.9341092135731786,0.0,,,,256,2097152,10000000,3.5587620735168457,1354.2840266283602,"BF16 has no GradScaler; finite losses, unclipped grad norms and parameters checked each step"
123,ce,False,0.0,0.056511056511056514,,0.9296634608267956,1.2038198709487915,0.0,0.0,2.9247907163673434,0.0,0.964426206338873,2.397397387297522,,1221,10000000,10000000,3.5587620735168457,1415.1191625427455,"BF16 has no GradScaler; finite losses, unclipped grad norms and parameters checked each step"
123,kd1,False,1.0,0.8542178542178542,,1.090724468963445,3.1445157527923584,0.0,0.0,2.939577670969372,1.0949599296807841,0.964426206338873,2.397397387297522,2.4858277093054664,1221,10000000,10000000,5.069586753845215,1658.6960471868515,"BF16 has no GradScaler; finite losses, unclipped grad norms and parameters checked each step"
123,kd5,False,5.0,1.0,CLIP_SATURATION_WARNING,2.6014037748324297,19.09200668334961,0.0,0.0,2.9687252275548777,1.0457097649160698,0.964426206338873,2.397397387297522,12.429138546527332,1221,10000000,10000000,5.069586753845215,1592.368293817155,"BF16 has no GradScaler; finite losses, unclipped grad norms and parameters checked each step"
456,s0,False,0.0,0.12776412776412777,,0.9447690732258446,1.3637584447860718,0.0,0.0,2.932781352207847,0.0,,,,1221,10000000,10000000,3.5587620735168457,1145.284095901996,"BF16 has no GradScaler; finite losses, unclipped grad norms and parameters checked each step"
456,ce,False,0.0,0.04504504504504504,,0.9941471797047239,86.4821548461914,0.0,0.0,2.9085084227147577,0.0,0.990355248195178,2.4392258640193933,,256,2097152,10000000,3.5587620735168457,2239.0408533047885,"BF16 has no GradScaler; finite losses, unclipped grad norms and parameters checked each step"
456,kd1,False,1.0,0.7985257985257985,,1.0748312120843773,2.7080206871032715,0.0,0.0,2.923029650892191,1.0980321519055807,0.990355248195178,2.4392258640193933,2.4629807015862593,1221,10000000,10000000,5.069586753845215,1705.4563345210627,"BF16 has no GradScaler; finite losses, unclipped grad norms and parameters checked each step"
456,kd5,False,5.0,1.0,CLIP_SATURATION_WARNING,2.5453501226079944,12.600890159606934,0.0,0.0,2.953568176774801,1.045589111083626,0.990355248195178,2.4392258640193933,12.314903507931296,1221,10000000,10000000,5.069586753845215,1608.917310683988,"BF16 has no GradScaler; finite losses, unclipped grad norms and parameters checked each step"
