seed,arm,selected_sha256,s0_sha256,teacher_sha256,order_seed,order_sha256
42,s0,f497cf2310050b163ecb167f75ae4f89c2780d4165aa8f25ff77025715f4bd28,,,42,4308212869b4ec451b585aca188b174ffba2efc976dc641a59b4a1cabfff5d3d
42,ce,8e0feb342f66f76915dcb745b39f24bb69ab74b1213e54dac3aa6c603840e3db,f497cf2310050b163ecb167f75ae4f89c2780d4165aa8f25ff77025715f4bd28,,4242,fbe761a12512d92358853013e4403c458875758a40d6c61b27723f3c765dda2d
42,kd1,09f13435f14537099e3e2388cd96ee249731e5feb8fdb47b5aa2fd9c981dc8cb,f497cf2310050b163ecb167f75ae4f89c2780d4165aa8f25ff77025715f4bd28,c7411708b61e6524ef05bd24e9e618f19fcc119e9a3c0664c5f4f169dbf16928,4242,fbe761a12512d92358853013e4403c458875758a40d6c61b27723f3c765dda2d
42,kd5,51ed645b3cdabca46fb06abf955eb4e7dc05ab0cf86aae55df0a36bcb5098465,f497cf2310050b163ecb167f75ae4f89c2780d4165aa8f25ff77025715f4bd28,c7411708b61e6524ef05bd24e9e618f19fcc119e9a3c0664c5f4f169dbf16928,4242,fbe761a12512d92358853013e4403c458875758a40d6c61b27723f3c765dda2d
123,s0,bc555a2ac6f9d648a8f6c9d0b6f77f175d7d604325c14871683e3e8027b3cf9a,,,123,6ab6698627bcf8aff3452db59572de6b18316bfa4156085f0233d0a595bd7821
123,ce,ceed910a4a46b79804b1a1b081170fe167bbfdea17a0f95259eee1a9deb56825,bc555a2ac6f9d648a8f6c9d0b6f77f175d7d604325c14871683e3e8027b3cf9a,,4242,fbe761a12512d92358853013e4403c458875758a40d6c61b27723f3c765dda2d
123,kd1,edd648e9badda6d1bc7e0721b2298e6f05e81ace09188cea797fa07d78dc0f56,bc555a2ac6f9d648a8f6c9d0b6f77f175d7d604325c14871683e3e8027b3cf9a,c7411708b61e6524ef05bd24e9e618f19fcc119e9a3c0664c5f4f169dbf16928,4242,fbe761a12512d92358853013e4403c458875758a40d6c61b27723f3c765dda2d
123,kd5,e9d6615f9257fa36ef9e7a666c3350df34c50880735127f3fb883607832f9f37,bc555a2ac6f9d648a8f6c9d0b6f77f175d7d604325c14871683e3e8027b3cf9a,c7411708b61e6524ef05bd24e9e618f19fcc119e9a3c0664c5f4f169dbf16928,4242,fbe761a12512d92358853013e4403c458875758a40d6c61b27723f3c765dda2d
456,s0,e63284985be6e3fd78c96a6fed27728e1d27def0e6f7bb8b6bf81d11a3733d12,,,456,6d3ce67bfed4854f0e853c3e46650e25b717693c1d193ef8666572b8297812a4
456,ce,508b16a9e5d5f8c1f2857e00edb381779cdf2e37180f4c4e3f1e707c58ea5a7b,e63284985be6e3fd78c96a6fed27728e1d27def0e6f7bb8b6bf81d11a3733d12,,4242,fbe761a12512d92358853013e4403c458875758a40d6c61b27723f3c765dda2d
456,kd1,dba01274b83464b71a3601f1a6c38732ef73ba3cdc6687de1c2e09c5a443678c,e63284985be6e3fd78c96a6fed27728e1d27def0e6f7bb8b6bf81d11a3733d12,c7411708b61e6524ef05bd24e9e618f19fcc119e9a3c0664c5f4f169dbf16928,4242,fbe761a12512d92358853013e4403c458875758a40d6c61b27723f3c765dda2d
456,kd5,6e94f11536e2f3c0b8f9a45cc13f89edfeb7995e63f24492bfc757203af079e3,e63284985be6e3fd78c96a6fed27728e1d27def0e6f7bb8b6bf81d11a3733d12,c7411708b61e6524ef05bd24e9e618f19fcc119e9a3c0664c5f4f169dbf16928,4242,fbe761a12512d92358853013e4403c458875758a40d6c61b27723f3c765dda2d
