jsd_bin,token_count,chunk_count,jsd_mean,entropy_mean,grad_cosine_mean,negative_conflict_fraction,delta_nll_mean,harmful_endpoint_fraction
"(-0.001, 0.00581]",8925,350,0.0004703398158288032,0.02308373822817569,0.103376782498732,0.47372549019607846,0.0002715376871706669,0.19327731092436976
"(0.00581, 0.0664]",8925,350,0.039712892510725246,2.4179123225298915,-0.08546302229735217,0.5091316526610644,-0.06859338108934097,0.4988235294117647
"(0.0664, 0.105]",8925,350,0.08640261048446532,3.9336818601570878,0.04059622742658501,0.3915966386554622,-0.1360305050903728,0.4450420168067227
"(0.105, 0.138]",8925,350,0.1216132024652664,4.319811003448582,0.05288111735854597,0.36067226890756304,-0.17559318385394787,0.41714285714285715
"(0.138, 0.17]",8925,350,0.15403370456780696,4.581465773392959,0.06458586699194618,0.33938375350140054,-0.18979054849005256,0.4028011204481793
"(0.17, 0.202]",8925,350,0.18562185255552308,4.800772407185129,0.0590616814445528,0.33198879551820726,-0.19940262828867475,0.41019607843137257
"(0.202, 0.241]",8925,350,0.2209629965455178,4.935928889083929,0.06017306864177318,0.3233613445378151,-0.20674490298867143,0.40011204481792717
"(0.241, 0.29]",8925,350,0.2641778000848679,5.0692974259940184,0.06257230008971924,0.30599439775910364,-0.21261783678976803,0.39361344537815124
"(0.29, 0.369]",8925,350,0.3257146690539082,5.104599233096053,0.05450141483973491,0.3126050420168067,-0.20073299453155521,0.4121008403361345
"(0.369, 0.965]",8925,350,0.47493486840181254,4.875931904586423,0.028059565758553975,0.34252100840336136,-0.16556854376879832,0.4607282913165266
