domain,alpha,alpha_source,student_state,chunks,valid_tokens,ce_grad_norm,kd_grad_norm,grad_cosine,negative_grad_fraction,mean_kl_t1,mean_kl_t2,teacher_entropy,branch_jsd
ptb,0.0,grid,S0,350,89250,0.7987519855449766,0.04052523318901971,0.027249414616180672,0.41780392156862745,0.4401070835869101,0.13166681948466963,3.7664252425593165,0.13092372716355422
ptb,0.0,grid,S1,350,89250,0.7981728120024788,0.044036137177564556,-0.003570536265836868,0.4199551820728291,0.46504704151222637,0.13525105248034752,3.7664252425593165,0.13092372716355422
ptb,0.1,grid,S0,350,89250,0.7987519855449766,0.038469464424903656,0.03299356486236897,0.404,0.3950293803138724,0.11677982366341753,3.821609943964965,0.13092372716355422
ptb,0.1,grid,S1,350,89250,0.7981728120024788,0.041826320149614904,-0.000618725138095551,0.4082577030812325,0.4198102627650369,0.12096644263560113,3.821609943964965,0.13092372716355422
ptb,0.2,grid,S0,350,89250,0.7987519855449766,0.03721372079210622,0.037026826240002315,0.39148459383753503,0.36293890479258023,0.10601817932850173,3.8748592079029334,0.13092372716355422
ptb,0.2,grid,S1,350,89250,0.7981728120024788,0.04039311713866722,0.0013460259548016263,0.3991148459383754,0.3876998825338506,0.11080120580881334,3.8748592079029334,0.13092372716355422
ptb,0.3,grid,S0,350,89250,0.7987519855449766,0.03668694227346133,0.03930802936607277,0.3817927170868347,0.34365181163486197,0.09918847436303435,3.925924375620052,0.13092372716355422
ptb,0.3,grid,S1,350,89250,0.7981728120024788,0.039673375964394304,0.0027220781332198797,0.3899831932773109,0.36854159819031934,0.10456053923331306,3.925924375620052,0.13092372716355422
ptb,0.4,grid,S0,350,89250,0.7987519855449766,0.03680337126367055,0.040233325583403985,0.3732773109243697,0.3374691042931291,0.09615247915226037,3.974291776824106,0.13092372716355422
ptb,0.4,grid,S1,350,89250,0.7981728120024788,0.03960217477372099,0.003310650952343536,0.3840112044817927,0.3626469357609902,0.10210473537843685,3.974291776824106,0.13092372716355422
ptb,0.5,grid,S0,350,89250,0.7987519855449766,0.037471193661417615,0.03980872407543086,0.3682801120448179,0.34510382315656396,0.09682348827765185,4.019185067478674,0.13092372716355422
ptb,0.5,grid,S1,350,89250,0.7981728120024788,0.04009759382283216,0.0030618616209652757,0.37911484593837536,0.3707388377931714,0.1033455942980006,4.019185067478674,0.13092372716355422
ptb,0.6,grid,S0,350,89250,0.7987519855449766,0.03861309602946899,0.037368426836031705,0.3675406162464986,0.36760612947859084,0.10116452898001638,4.059553606597858,0.13092372716355422
ptb,0.6,grid,S1,350,89250,0.7981728120024788,0.04108158458910194,0.0015947746105578235,0.3782296918767507,0.3938775910237006,0.10824461024012469,4.059553606597858,0.13092372716355422
ptb,0.7,grid,S0,350,89250,0.7987519855449766,0.0401356185910185,0.03337251549061261,0.3684033613445378,0.4062687736179018,0.10918829371696677,4.094121166230195,0.13092372716355422
ptb,0.7,grid,S1,350,89250,0.7981728120024788,0.042496488935995,-0.0011013270067440938,0.3790700280112045,0.43336771260173135,0.11681296029895627,4.094121166230195,0.13092372716355422
ptb,0.8,grid,S0,350,89250,0.7987519855449766,0.041973815158197356,0.02808511813309119,0.3724481792717087,0.46251984578106553,0.12095872208820421,4.121507341510416,0.13092372716355422
ptb,0.8,grid,S1,350,89250,0.7981728120024788,0.04429185125175394,-0.005437777032506572,0.3824313725490196,0.4906486850777303,0.12911305520873445,4.121507341510416,0.13092372716355422
ptb,0.9,grid,S0,350,89250,0.7987519855449766,0.04408908412741179,0.021316491333574807,0.37932773109243695,0.5378246845420885,0.13659416837796193,4.140343976338491,0.13092372716355422
ptb,0.9,grid,S1,350,89250,0.7981728120024788,0.04643649723207583,-0.011579707276892977,0.38955742296918766,0.5671885935296748,0.14526175113848777,4.140343976338491,0.13092372716355422
ptb,1.0,grid,S0,350,89250,0.7987519855449766,0.04646371007766001,0.013914194408876103,0.3876750700280112,0.6335069495427063,0.15627201062536875,4.1493720863867,0.13092372716355422
ptb,1.0,grid,S1,350,89250,0.7981728120024788,0.0489184422926346,-0.018239731226475434,0.39677310924369746,0.6642974222802432,0.16543491367544946,4.1493720863867,0.13092372716355422
ptb,0.47029295563697815,learned_canonical,S0,350,89250,0.7987519855449766,0.03721949461760933,0.040090550526151805,0.3691316526610644,0.3413364632521059,0.09624024858031453,4.006268266009764,0.13092372716355422
ptb,0.47029295563697815,learned_canonical,S1,350,89250,0.7981728120024788,0.03989600868076503,0.003263414487431746,0.3799887955182073,0.36681743040023645,0.10259423765018373,4.006268266009764,0.13092372716355422
ptb,0.5,historical_static,S0,350,89250,0.7987519855449766,0.037471193661417615,0.03980872407543086,0.3682801120448179,0.34510382315656396,0.09682348827765185,4.019185067478674,0.13092372716355422
ptb,0.5,historical_static,S1,350,89250,0.7981728120024788,0.04009759382283216,0.0030618616209652757,0.37911484593837536,0.3707388377931714,0.1033455942980006,4.019185067478674,0.13092372716355422
wikitext2,0.0,grid,S0,512,130560,0.8023364856291759,0.11893116931076328,-0.07219504374257925,0.43340226715686275,0.7994050473496062,0.3608992257319829,4.207748357043908,0.18128879044267293
wikitext2,0.0,grid,S1,512,130560,0.8025981592584309,0.12630541961647682,-0.07345906256821326,0.431265318627451,0.8337223688201073,0.3771738065541357,4.207748357043908,0.18128879044267293
wikitext2,0.1,grid,S0,512,130560,0.8023364856291759,0.11757527441030677,-0.07148525234733501,0.42439491421568626,0.6884148298085844,0.33321880280843696,4.249343815300903,0.18128879044267293
wikitext2,0.1,grid,S1,512,130560,0.8025981592584309,0.12514205214498075,-0.0726585092954484,0.4229013480392157,0.720796489803472,0.34942466164859215,4.249343815300903,0.18128879044267293
wikitext2,0.2,grid,S0,512,130560,0.8023364856291759,0.11656175513162095,-0.07117963994511249,0.4167356004901961,0.6154869867573981,0.31209767125546933,4.29125981603963,0.18128879044267293
wikitext2,0.2,grid,S1,512,130560,0.8025981592584309,0.12429784211792638,-0.07240057782903397,0.4149509803921569,0.6466067202974248,0.328212550306275,4.29125981603963,0.18128879044267293
wikitext2,0.3,grid,S0,512,130560,0.8023364856291759,0.11587334368713545,-0.07158793015392238,0.41037071078431375,0.5670573985485265,0.2970422301614342,4.331308335821356,0.18128879044267293
wikitext2,0.3,grid,S1,512,130560,0.8025981592584309,0.12375998737289931,-0.07279170074776915,0.40845588235294117,0.5971637366244525,0.3130341018167753,4.331308335821356,0.18128879044267293
wikitext2,0.4,grid,S0,512,130560,0.8023364856291759,0.11552041130563499,-0.07265870696797722,0.4050091911764706,0.5400766731653109,0.2877824684461766,4.368615925460207,0.18128879044267293
wikitext2,0.4,grid,S1,512,130560,0.8025981592584309,0.12352861237169219,-0.07371192448588518,0.4041207107843137,0.5693227813796137,0.3036141692312074,4.368615925460207,0.18128879044267293
wikitext2,0.5,grid,S0,512,130560,0.8023364856291759,0.1154844733496622,-0.07400102028630538,0.4022135416666667,0.5346210024419285,0.2841953480691539,4.402941471156661,0.18128879044267293
wikitext2,0.5,grid,S1,512,130560,0.8025981592584309,0.12359201492670442,-0.0750073877285015,0.4010416666666667,0.5631587187860663,0.2998275586930629,4.402941471156661,0.18128879044267293
wikitext2,0.6,grid,S0,512,130560,0.8023364856291759,0.11577100696532024,-0.075551434389446,0.4005974264705882,0.5519477278650349,0.2862593927974219,4.434164389227573,0.18128879044267293
wikitext2,0.6,grid,S1,512,130560,0.8025981592584309,0.12393637024992238,-0.07640115083937937,0.4007735906862745,0.5799509358036228,0.3016524100536937,4.434164389227573,0.18128879044267293
wikitext2,0.7,grid,S0,512,130560,0.8023364856291759,0.11637730424808265,-0.07750225034965107,0.4025888480392157,0.5942776760826525,0.2940300012807426,4.462307280635536,0.18128879044267293
wikitext2,0.7,grid,S1,512,130560,0.8025981592584309,0.12457378075452974,-0.0779671940754337,0.40236672794117645,0.6219571181453193,0.3091447415015793,4.462307280635536,0.18128879044267293
wikitext2,0.8,grid,S0,512,130560,0.8023364856291759,0.11730914655004644,-0.08003134987395583,0.4069393382352941,0.6648975798995508,0.3076268634795983,4.48758521253637,0.18128879044267293
wikitext2,0.8,grid,S1,512,130560,0.8025981592584309,0.125514170431947,-0.08017909087084087,0.4065870098039216,0.6925238218330886,0.32242537388120385,4.48758521253637,0.18128879044267293
wikitext2,0.9,grid,S0,512,130560,0.8023364856291759,0.11857435711382791,-0.08290970858014646,0.41325827205882354,0.7682639423463871,0.32722855011627816,4.5102616469165575,0.18128879044267293
wikitext2,0.9,grid,S1,512,130560,0.8025981592584309,0.12676899224866336,-0.08282302897453926,0.4122012867647059,0.7961871185118301,0.34167426415980456,4.5102616469165575,0.18128879044267293
wikitext2,1.0,grid,S0,512,130560,0.8023364856291759,0.12018863725960031,-0.08592668285004045,0.42080269607843135,0.9097692670890737,0.35307083115165405,4.53047821393763,0.18128879044267293
wikitext2,1.0,grid,S1,512,130560,0.8025981592584309,0.12836231276221452,-0.08559641888118295,0.4190640318627451,0.938398525608685,0.36712867959816803,4.53047821393763,0.18128879044267293
wikitext2,0.5064820647239685,learned_canonical,S0,512,130560,0.8023364856291759,0.11549328275282546,-0.07410420097805306,0.40212928921568625,0.5350348837477685,0.2841576278544666,4.405060190280867,0.18128879044267293
wikitext2,0.5064820647239685,learned_canonical,S1,512,130560,0.8025981592584309,0.12360591077863943,-0.07509593009095183,0.4006893382352941,0.5635323763294421,0.2997755345125459,4.405060190280867,0.18128879044267293
wikitext2,0.5,historical_static,S0,512,130560,0.8023364856291759,0.1154844733496622,-0.07400102028630538,0.4022135416666667,0.5346210024419285,0.2841953480691539,4.402941471156661,0.18128879044267293
wikitext2,0.5,historical_static,S1,512,130560,0.8025981592584309,0.12359201492670442,-0.0750073877285015,0.4010416666666667,0.5631587187860663,0.2998275586930629,4.402941471156661,0.18128879044267293
tinystories,0.0,grid,S0,512,130560,0.5914611036209486,0.2327420529327409,-0.028402254517680147,0.514437806372549,0.6974388525494281,0.47435671793285233,1.7002111532585404,0.17705906713223424
tinystories,0.0,grid,S1,512,130560,0.5822533016087252,0.2388339356943374,-0.0683743053835119,0.5406173406862745,0.7129269424402559,0.4912697926365902,1.7002111532585404,0.17705906713223424
tinystories,0.1,grid,S0,512,130560,0.5914611036209486,0.21089641513920862,-0.01621720364485402,0.5040134803921569,0.5428468220505981,0.39374683462517757,1.6669739670074832,0.17705906713223424
tinystories,0.1,grid,S1,512,130560,0.5822533016087252,0.21603924249201661,-0.060932914995801286,0.5332414215686274,0.5528879917473806,0.4083166812592561,1.6669739670074832,0.17705906713223424
tinystories,0.2,grid,S0,512,130560,0.5914611036209486,0.1889304035558058,-0.00433714922800126,0.4929457720588235,0.41816160879907605,0.3285818709028165,1.6347435944128497,0.17705906713223424
tinystories,0.2,grid,S1,512,130560,0.5822533016087252,0.19320981648508997,-0.05449306978141482,0.5264246323529411,0.4233946937058664,0.34108519221578415,1.6347435944128497,0.17705906713223424
tinystories,0.3,grid,S0,512,130560,0.5914611036209486,0.16733687570132116,0.007209792647471858,0.48178615196078434,0.31911456479824174,0.27812317989080515,1.6019268718437032,0.17705906713223424
tinystories,0.3,grid,S1,512,130560,0.5822533016087252,0.17087307953206352,-0.04923892778101385,0.5189797794117647,0.32005183538924303,0.28881784604793,1.6019268718437032,0.17705906713223424
tinystories,0.4,grid,S0,512,130560,0.5914611036209486,0.14699245605022096,0.018861531351158665,0.47129289215686276,0.24491700487391152,0.241881485509493,1.5674013803480669,0.17705906713223424
tinystories,0.4,grid,S1,512,130560,0.5822533016087252,0.1498746547731134,-0.045115207346497765,0.513235294117647,0.2420056461108283,0.25100796935901815,1.5674013803480669,0.17705906713223424
tinystories,0.5,grid,S0,512,130560,0.5914611036209486,0.12949384314608378,0.03171047711246989,0.4612515318627451,0.19857357509518925,0.21963015744805292,1.5332324408575817,0.17705906713223424
tinystories,0.5,grid,S1,512,130560,0.5822533016087252,0.13173399900587285,-0.04241913678926655,0.5103783700980392,0.19234030738780156,0.22741065954239686,1.5332324408575817,0.17705906713223424
tinystories,0.6,grid,S0,512,130560,0.5914611036209486,0.11827209150694537,0.043798571742485234,0.45286458333333335,0.181978327548112,0.21147487960648398,1.5031163905292049,0.17705906713223424
tinystories,0.6,grid,S1,512,130560,0.5822533016087252,0.11967481009003535,-0.04037481072248835,0.5091605392156863,0.173120704049993,0.2181121610256549,1.5031163905292049,0.17705906713223424
tinystories,0.7,grid,S0,512,130560,0.5914611036209486,0.11918117987057378,0.05302580921050479,0.45232077205882354,0.1940461963805171,0.21791788612347007,1.4790399207757392,0.17705906713223424
tinystories,0.7,grid,S1,512,130560,0.5822533016087252,0.11960898227437379,-0.03131395859724715,0.5084558823529411,0.1834066666832027,0.22360209702882475,1.4790399207757392,0.17705906713223424
tinystories,0.8,grid,S0,512,130560,0.5914611036209486,0.1342131708795861,0.050616067202429615,0.46183363970588237,0.23248129383579463,0.239725449209051,1.4612560019298237,0.17705906713223424
tinystories,0.8,grid,S1,512,130560,0.5822533016087252,0.13465768462619784,-0.025475092057818557,0.5108609068627451,0.22100190985972729,0.24465574374932889,1.4612560019298237,0.17705906713223424
tinystories,0.9,grid,S0,512,130560,0.5914611036209486,0.15967679024096487,0.03676927354418791,0.47660845588235295,0.2951822456612023,0.2775403739701527,1.4499268455550594,0.17705906713223424
tinystories,0.9,grid,S1,512,130560,0.5822533016087252,0.16107706344473627,-0.028745162053167416,0.519094669117647,0.28378945078185386,0.2819543325950708,1.4499268455550594,0.17705906713223424
tinystories,1.0,grid,S0,512,130560,0.5914611036209486,0.19138506116304438,0.02087757358822151,0.4916360294117647,0.38141342643418497,0.3315300267175617,1.4452614234707262,0.17705906713223424
tinystories,1.0,grid,S1,512,130560,0.5822533016087252,0.1940021128146862,-0.035307060933794335,0.5294270833333333,0.37097495302688144,0.3357212076513165,1.4452614234707262,0.17705906713223424
tinystories,0.5994059443473816,learned_canonical,S0,512,130560,0.5914611036209486,0.11830864153107809,0.04375284671269731,0.4529181985294118,0.1819902500395157,0.21148091937197308,1.503278298397544,0.17705906713223424
tinystories,0.5994059443473816,learned_canonical,S1,512,130560,0.5822533016087252,0.11971745257731563,-0.0404014600915216,0.5088694852941177,0.17314585651115505,0.21812443215160016,1.503278298397544,0.17705906713223424
tinystories,0.5,historical_static,S0,512,130560,0.5914611036209486,0.12949384314608378,0.03171047711246989,0.4612515318627451,0.19857357509518925,0.21963015744805292,1.5332324408575817,0.17705906713223424
tinystories,0.5,historical_static,S1,512,130560,0.5822533016087252,0.13173399900587285,-0.04241913678926655,0.5103783700980392,0.19234030738780156,0.22741065954239686,1.5332324408575817,0.17705906713223424
codeparrot_common5k,0.0,grid,S0,512,130560,0.4823151962602473,0.2653608290358878,-0.09461806773214497,0.5214077818627451,0.988630460129476,0.5917332927493407,1.9422727313563706,0.23925728154672218
codeparrot_common5k,0.0,grid,S1,512,130560,0.4640519331659923,0.30090502019660204,-0.16665534209856414,0.5648590686274509,1.1336980418794187,0.6835594492066588,1.9422727313563706,0.23925728154672218
codeparrot_common5k,0.1,grid,S0,512,130560,0.4823151962602473,0.2378891640327188,-0.06938543331375174,0.499609375,0.7770375925433692,0.5066390392757476,1.880584608946293,0.23925728154672218
codeparrot_common5k,0.1,grid,S1,512,130560,0.4640519331659923,0.2709215734839339,-0.15480218027184683,0.5544500612745098,0.8928524974101708,0.5900778071706332,1.880584608946293,0.23925728154672218
codeparrot_common5k,0.2,grid,S0,512,130560,0.4823151962602473,0.21125699548459026,-0.03917636331138571,0.4749923406862745,0.6281575492102661,0.43867925929393736,1.8217294858831556,0.23925728154672218
codeparrot_common5k,0.2,grid,S1,512,130560,0.4640519331659923,0.24102381511151555,-0.14019109355705983,0.5425551470588236,0.7161641133931604,0.5134877359201059,1.8217294858831556,0.23925728154672218
codeparrot_common5k,0.3,grid,S0,512,130560,0.4823151962602473,0.18686827931176675,-0.0028856699244042983,0.4503140318627451,0.538283035550065,0.38877902696809435,1.761311225670243,0.23925728154672218
codeparrot_common5k,0.3,grid,S1,512,130560,0.4640519331659923,0.21218845515376256,-0.12354505798472866,0.5293045343137255,0.5996881674920712,0.45477215133755544,1.761311225670243,0.23925728154672218
codeparrot_common5k,0.4,grid,S0,512,130560,0.4823151962602473,0.16728876849427687,0.03343741465665362,0.4284237132352941,0.5033189332981689,0.3587254627630375,1.6928134876436043,0.23925728154672218
codeparrot_common5k,0.4,grid,S1,512,130560,0.4640519331659923,0.18669478109145085,-0.10563789859324677,0.5174249387254902,0.5392559463258003,0.41587112750568367,1.6928134876436043,0.23925728154672218
codeparrot_common5k,0.5,grid,S0,512,130560,0.4823151962602473,0.15802388556794697,0.06493292076057049,0.4124234068627451,0.5193277962161784,0.3513026832026227,1.6118902518220704,0.23925728154672218
codeparrot_common5k,0.5,grid,S1,512,130560,0.4640519331659923,0.17019676695808142,-0.0911537951750697,0.5089920343137255,0.5319559814209875,0.3998034005431914,1.6118902518220704,0.23925728154672218
codeparrot_common5k,0.6,grid,S0,512,130560,0.4823151962602473,0.1675922294646536,0.08669234206179746,0.4058057598039216,0.5783696308021742,0.36963400226239834,1.5256599904699373,0.23925728154672218
codeparrot_common5k,0.6,grid,S1,512,130560,0.4640519331659923,0.17137013900769846,-0.06668996338789332,0.4990808823529412,0.5722158741965239,0.4098807959507355,1.5256599904699373,0.23925728154672218
codeparrot_common5k,0.7,grid,S0,512,130560,0.4823151962602473,0.1962011616195036,0.10295320782039812,0.4030484068627451,0.6694956621756482,0.41529623170230584,1.4493460765275719,0.23925728154672218
codeparrot_common5k,0.7,grid,S1,512,130560,0.4640519331659923,0.19253186531953886,-0.03262596060412857,0.48525582107843135,0.650548095057313,0.44766807568669487,1.4493460765275719,0.23925728154672218
codeparrot_common5k,0.8,grid,S0,512,130560,0.4823151962602473,0.2361915133045092,0.11033482826469795,0.4046032475490196,0.7976787126849467,0.48731133316153624,1.3962960352337428,0.23925728154672218
codeparrot_common5k,0.8,grid,S1,512,130560,0.4640519331659923,0.22809975500305668,-0.007349101756966234,0.47808670343137255,0.7717791540141038,0.5120670095990296,1.3962960352337428,0.23925728154672218
codeparrot_common5k,0.9,grid,S0,512,130560,0.4823151962602473,0.2816961059618747,0.11029964011232868,0.4103247549019608,0.9820249287168786,0.5833547827071961,1.3661590230473388,0.23925728154672218
codeparrot_common5k,0.9,grid,S1,512,130560,0.4640519331659923,0.27161211605475194,0.0074803662449747016,0.47544424019607845,0.954477199127255,0.6007914261934382,1.3661590230473388,0.23925728154672218
codeparrot_common5k,1.0,grid,S0,512,130560,0.4823151962602473,0.3297011885271291,0.1048346645596193,0.41870404411764706,1.2117483566603284,0.7008208597624117,1.3483562324686251,0.23925728154672218
codeparrot_common5k,1.0,grid,S1,512,130560,0.4640519331659923,0.31914027126358097,0.015618312240600741,0.47545189950980393,1.1864977105108219,0.7115236358654596,1.3483562324686251,0.23925728154672218
codeparrot_common5k,0.5723148584365845,learned_canonical,S0,512,130560,0.4823151962602473,0.1628101730657974,0.08129939295336613,0.4073835784313726,0.5584246975277871,0.3618418104682405,1.5492179576394631,0.23925728154672218
codeparrot_common5k,0.5723148584365845,learned_canonical,S1,512,130560,0.4640519331659923,0.1689616988967112,-0.07501648076247207,0.5026041666666666,0.556892307105194,0.4043312235062206,1.5492179576394631,0.23925728154672218
codeparrot_common5k,0.5,historical_static,S0,512,130560,0.4823151962602473,0.15802388556794697,0.06493292076057049,0.4124234068627451,0.5193277962161784,0.3513026832026227,1.6118902518220704,0.23925728154672218
codeparrot_common5k,0.5,historical_static,S1,512,130560,0.4640519331659923,0.17019676695808142,-0.0911537951750697,0.5089920343137255,0.5319559814209875,0.3998034005431914,1.6118902518220704,0.23925728154672218
